[CAT]	Count	PRC_Count	Points	PRC_points	Score	PRC_score
[_TOTAL]	133	100.0	15909	100.0	1.3475205588473718	100.00000000000001
[Visible -]	2	1.5037593984962405	260	1.6342950531145892	0.02111516167026232	1.566963971839034
[Visible +]	12	9.022556390977444	4131	25.966434093909108	0.2322584217698253	17.235983543619707
[Invisible -]	12	9.022556390977444	929	5.839461939782513	0.12218748095037203	9.06757823827842
[Invisible +]	39	29.32330827067669	6059	38.08536048777422	0.4943717849719081	36.68751335376869
[???]	68	51.12781954887218	4530	28.474448425419574	0.4775877094850037	35.441960892494116