[CAT]	Count	PRC_Count	Points	PRC_points	Score	PRC_score
[_TOTAL]	146	100.0	16935	100.0	1.446776731846607	100.00000000000001
[Visible -]	2	1.36986301369863	276	1.629760850310009	0.02289054995506174	1.5821757048750138
[Visible +]	12	8.219178082191782	4502	26.583997638027753	0.24129436521519068	16.678065101808237
[Invisible -]	13	8.904109589041095	972	5.739592559787423	0.13276026451593098	9.176278660943156
[Invisible +]	42	28.767123287671232	6170	36.43342190729259	0.5022205823568691	34.71306742097346
[???]	77	52.73972602739726	5015	29.613227044582228	0.5476109698035545	37.85041311140014