[CAT]	Count	PRC_Count	Points	PRC_points	Score	PRC_score
[_TOTAL]	173	100.0	14000	100.0	2.095095828202366	100.0
[Visible -]	6	3.468208092485549	209	1.4928571428571429	0.04454774307900123	2.126286658554615
[Visible +]	14	8.092485549132949	2081	14.864285714285714	0.15644536735903103	7.4672177402627105
[Invisible -]	26	15.028901734104046	1854	13.242857142857142	0.40268547972905105	19.220384781853305
[Invisible +]	76	43.93063583815029	6381	45.57857142857143	0.9652547340290323	46.07210424628835
[???]	51	29.479768786127167	3475	24.821428571428573	0.5261625040062496	25.114006573040985