[CAT]	Count	PRC_Count	Points	PRC_points	Score	PRC_score
[_TOTAL]	139	100.0	16117	100.0	1.3971972459224669	100.0
[Visible -]	4	2.8776978417266186	184	1.141651672147422	0.03113371191346752	2.2282975438383583
[Visible +]	13	9.352517985611511	2963	18.38431469876528	0.21420247179371318	15.330868452456118
[Invisible -]	11	7.913669064748201	1590	9.86535955823044	0.11321109744406024	8.102728356676316
[Invisible +]	43	30.93525179856115	6347	39.38077806043308	0.5153166244722189	36.882167208395344
[???]	68	48.92086330935252	5033	31.227896010423777	0.5233333402990069	37.45593843863386