[CAT]	Count	PRC_Count	Points	PRC_points	Score	PRC_score
[_TOTAL]	206	100.0	20974	100.0	2.3694562891667617	100.0
[Visible -]	2	0.970873786407767	8	0.038142462095928295	0.01212465235342582	0.5117060993638144
[Visible +]	15	7.281553398058253	2651	12.639458377038238	0.22637115532877672	9.5537172964006
[Invisible -]	25	12.135922330097088	1298	6.188614475064365	0.22650603860522445	9.55940987984535
[Invisible +]	93	45.14563106796116	12874	61.380757127872606	1.189765612911969	50.212600179696054
[???]	71	34.46601941747573	4143	19.753027557928863	0.714688829967366	30.16256654469419