[CAT]	Count	PRC_Count	Points	PRC_points	Score	PRC_score
[_TOTAL]	23	100.0	718	100.0	0.10573124951721789	100.0
[Visible -]	0	0.0	0	0.0	0	0.0
[Visible +]	5	21.73913043478261	314	43.73259052924791	0.023673576574462153	22.390330845950146
[Invisible -]	3	13.043478260869565	151	21.030640668523677	0.017939298501005396	16.96688404130139
[Invisible +]	6	26.08695652173913	82	11.420612813370473	0.022128342534415424	20.92885749053019
[???]	9	39.130434782608695	171	23.81615598885794	0.041990031907334927	39.71392762221828