[CAT]	Count	PRC_Count	Points	PRC_points	Score	PRC_score
[_TOTAL]	135	100.0	14559	100.0	1.398018676167957	100.0
[Visible -]	4	2.962962962962963	292	2.005632254962566	0.03242957345210016	2.319680988882876
[Visible +]	12	8.88888888888889	1273	8.743732399203243	0.1005689100436443	7.193674287621749
[Invisible -]	22	16.296296296296298	2087	14.33477574009204	0.21525820516402722	15.397376933050804
[Invisible +]	48	35.55555555555556	7346	50.456762140256885	0.5015547223251435	35.876110303471165
[???]	49	36.2962962962963	3561	24.459097465485268	0.5482072651830417	39.21315748697341