[CAT]	Count	PRC_Count	Points	PRC_points	Score	PRC_score
[_TOTAL]	110	100.0	19309	100.0	1.4246899111115336	100.0
[Visible -]	3	2.727272727272727	462	2.3926666321404526	0.02555810034249004	1.7939412740383471
[Visible +]	10	9.090909090909092	3489	18.069294111554196	0.144247425243774	10.124829558962283
[Invisible -]	7	6.363636363636363	1219	6.313118235019939	0.06798447773704774	4.771878933571355
[Invisible +]	29	26.363636363636363	7133	36.941322699259416	0.40533347297064803	28.45064528142896
[???]	61	55.45454545454545	7006	36.283598322025995	0.7815664348175738	54.85870495199906