[CAT]	Count	PRC_Count	Points	PRC_points	Score	PRC_score
[_TOTAL]	125	100.0	12516	100.0	1.4415008160713512	100.0
[Visible -]	0	0.0	0	0.0	0	0.0
[Visible +]	10	8.0	2259	18.04889741131352	0.16912096809450194	11.732283895296167
[Invisible -]	16	12.8	991	7.917865132630233	0.1639827913601905	11.375837566787315
[Invisible +]	69	55.2	7480	59.76350271652285	0.8159502383444281	56.6042161924132
[???]	30	24.0	1786	14.269734739533398	0.2924468182722308	20.287662345503335