[CAT]	Count	PRC_Count	Points	PRC_points	Score	PRC_score
[_TOTAL]	241	100.0	20878	100.0	3.0534160986939365	100.0
[Visible -]	3	1.2448132780082988	47	0.22511734840501965	0.02392960703000426	0.7836995108606349
[Visible +]	15	6.224066390041494	2029	9.718363827952869	0.2376496760521736	7.783075361193829
[Invisible -]	32	13.278008298755188	1670	7.99885046460389	0.31950244017214546	10.463770080625729
[Invisible +]	95	39.41908713692946	11869	56.84931506849315	1.3613015423369161	44.58290315948741
[???]	96	39.83402489626556	5263	25.208353290545073	1.1110328331026968	36.3865518878324