[CAT]	Count	PRC_Count	Points	PRC_points	Score	PRC_score
[_TOTAL]	150	100.0	17257	100.0	1.572156132395233	100.0
[Visible -]	4	2.6666666666666665	355	2.057136234571478	0.03924445181231325	2.496218473703563
[Visible +]	14	9.333333333333334	2273	13.171466651214	0.19945505086219548	12.686720278749856
[Invisible -]	19	12.666666666666666	1706	9.885843425856175	0.1889670317579571	12.019609748941376
[Invisible +]	68	45.333333333333336	8419	48.785999884105	0.7419957881959358	47.196062331638785
[???]	45	30.0	4504	26.099553804253347	0.40249380976683113	25.6013891669664