[CAT]	Count	PRC_Count	Points	PRC_points	Score	PRC_score
[_TOTAL]	162	100.0	14244	100.0	1.6545099017950957	100.0
[Visible -]	4	2.4691358024691357	476	3.3417579331648413	0.04872312229294087	2.9448673737206215
[Visible +]	14	8.641975308641975	1760	12.356079752878404	0.13392132010210767	8.094319650599061
[Invisible -]	23	14.197530864197532	1999	14.033979219320416	0.30927279467007723	18.692713433417662
[Invisible +]	56	34.5679012345679	6465	45.38753159224937	0.5461592417317962	33.0103338238852
[???]	65	40.123456790123456	3544	24.88065150238697	0.6164334229981734	37.25776571837744