[CAT]	Count	PRC_Count	Points	PRC_points	Score	PRC_score
[_TOTAL]	191	100.0	15269	100.0	2.2976531432454728	100.0
[Visible -]	7	3.6649214659685865	251	1.6438535594996397	0.05643182979741444	2.4560639173632426
[Visible +]	18	9.424083769633508	3004	19.67384897504748	0.20154221178690224	8.771655216079333
[Invisible -]	25	13.089005235602095	1617	10.590084484904054	0.40592469807686005	17.666926762648114
[Invisible +]	83	43.455497382198956	6957	45.562905232824676	1.016148674612027	44.22550364484955
[???]	58	30.36649214659686	3440	22.529307747724147	0.6176057289722701	26.879850459059796