[CAT]	Count	PRC_Count	Points	PRC_points	Score	PRC_score
[_TOTAL]	167	100.0	18087	100.0	2.248210194802054	100.0
[Visible -]	2	1.1976047904191616	6	0.03317299718029524	0.010703225387260318	0.4760776110706452
[Visible +]	19	11.377245508982035	4933	27.27373251506607	0.3231576685533662	14.373997115595278
[Invisible -]	33	19.760479041916167	2472	13.667274838281639	0.44748002752094346	19.903834105704796
[Invisible +]	54	32.33532934131737	7543	41.7039862884945	0.7767028644410909	34.54760885956558
[???]	59	35.32934131736527	3133	17.321833360977497	0.6901664088993931	30.698482308063706