[CAT]	Count	PRC_Count	Points	PRC_points	Score	PRC_score
[_TOTAL]	139	100.0	16670	100.0	1.3968344807640627	100.0
[Visible -]	4	2.8776978417266186	180	1.0797840431913617	0.030975885043153538	2.2175773486211376
[Visible +]	12	8.633093525179856	3055	18.32633473305339	0.21657487661192396	15.504691471637956
[Invisible -]	10	7.194244604316546	1671	10.023995200959808	0.11313020891822975	8.099041831810165
[Invisible +]	42	30.215827338129497	6313	37.870425914817034	0.5249814466743237	37.583654606461394
[???]	71	51.07913669064748	5451	32.6994601079784	0.5111720635164321	36.59503474146937