[CAT]	Count	PRC_Count	Points	PRC_points	Score	PRC_score
[_TOTAL]	95	100.0	5895	100.0	0.7043610954864807	100.0
[Visible -]	2	2.1052631578947367	44	0.7463952502120441	0.008912506008831162	1.2653319534457772
[Visible +]	8	8.421052631578947	750	12.72264631043257	0.060759713166543855	8.626216518187872
[Invisible -]	8	8.421052631578947	558	9.465648854961833	0.053352914767064635	7.574653840047114
[Invisible +]	28	29.473684210526315	2978	50.517387616624255	0.2699816559923964	38.330006827808724
[???]	49	51.578947368421055	1565	26.547921967769295	0.3113543055516447	44.20379086051051