[CAT]	Count	PRC_Count	Points	PRC_points	Score	PRC_score
[_TOTAL]	115	100.0	19517	100.0	0.8090593193395434	100.0
[Visible -]	4	3.4782608695652173	382	1.957268022749398	0.021000427384878378	2.5956597845040066
[Visible +]	10	8.695652173913043	5057	25.910744479172003	0.12887894494162871	15.929480306442303
[Invisible -]	12	10.434782608695652	1093	5.600245939437413	0.04637412204540571	5.73185685361886
[Invisible +]	26	22.608695652173914	7787	39.89854998206692	0.16326552380353299	20.179672849799314
[???]	63	54.78260869565217	5198	26.63319157657427	0.4495403011640977	55.56333020563552