[CAT]	Count	PRC_Count	Points	PRC_points	Score	PRC_score
[_TOTAL]	127	100.0	14983	100.0	1.3270139735578206	100.0
[Visible -]	4	3.1496062992125986	161	1.074551157979043	0.030162805650616065	2.272983273096017
[Visible +]	11	8.661417322834646	2839	18.94814122672362	0.1982391756602863	14.938740632006512
[Invisible -]	10	7.874015748031496	1644	10.972435426817059	0.1108753071888781	8.355247902297018
[Invisible +]	41	32.28346456692913	6102	40.726156310485216	0.5097238743632349	38.41134189390849
[???]	61	48.031496062992126	4237	28.27871587799506	0.4780128106948053	36.02168629869197