[CAT]	Count	PRC_Count	Points	PRC_points	Score	PRC_score
[_TOTAL]	43	100.0	1318	100.0	0.47614664622501185	100.0
[Visible -]	2	4.651162790697675	28	2.12443095599393	0.009785854257643223	2.055218562438165
[Visible +]	4	9.30232558139535	264	20.030349013657055	0.029429871485465102	6.180841914731764
[Invisible -]	10	23.25581395348837	377	28.603945371775417	0.05612211784214846	11.786729631951859
[Invisible +]	6	13.953488372093023	196	14.87101669195751	0.03063615385132531	6.434184529958368
[???]	21	48.83720930232558	453	34.37025796661609	0.3501726487884298	73.54302536091986