[CAT]	Count	PRC_Count	Points	PRC_points	Score	PRC_score
[_TOTAL]	139	100.0	16117	100.0	1.3971972459224669	100.0
[Reject Other Status]	7	5.0359712230215825	808	5.013339951603896	0.07664565323098074	5.4856716512046395
[Reject Other Love]	4	2.8776978417266186	782	4.852019606626543	0.0365654442130795	2.617056705471676
[Accept Other Status]	24	17.26618705035971	3653	22.665508469318112	0.28506339329218466	20.40251611747046
[Accept Other Love]	17	12.23021582733813	2584	16.03276043928771	0.21646099333882052	15.49251503111196
[???]	87	62.589928057553955	8290	51.436371533163744	0.7824617618474016	56.00224049474127