[CAT]	Count	PRC_Count	Points	PRC_points	Score	PRC_score
[_TOTAL]	127	100.0	14983	100.0	1.3270139735578206	100.0
[Reject Other Status]	6	4.724409448818897	787	5.252619635586998	0.07218914297064422	5.4399685616798665
[Reject Other Love]	4	3.1496062992125986	857	5.719815791230061	0.0386861642182339	2.9152793406171518
[Accept Other Status]	23	18.11023622047244	3522	23.506640859640925	0.27529173539699925	20.74520245321322
[Accept Other Love]	16	12.598425196850394	2484	16.578789294533806	0.22155766195104826	16.69595545833147
[???]	78	61.41732283464567	7333	48.94213441900821	0.7192892690208952	54.203594186158305