[CAT]	Count	PRC_Count	Points	PRC_points	Score	PRC_score
[_TOTAL]	150	100.0	17257	100.0	1.572156132395233	100.0
[Reject Other Status]	12	8.0	1045	6.055513704583647	0.12698212050599977	8.07694082600678
[Reject Other Love]	7	4.666666666666667	661	3.830329721272527	0.06198491125195731	3.942668922934594
[Accept Other Status]	39	26.0	4150	24.048212319638406	0.40037921965073076	25.46688661518239
[Accept Other Love]	27	18.0	4257	24.66825056498812	0.3327629132367203	21.16602202414494
[???]	65	43.333333333333336	7144	41.3976936895173	0.6500469677498247	41.34748161173128