[CAT]	Count	PRC_Count	Points	PRC_points	Score	PRC_score
[_TOTAL]	241	100.0	20878	100.0	3.0534160986939365	100.0
[Reject Other Status]	18	7.468879668049793	885	4.238911773158349	0.18522748331974445	6.066237857296074
[Reject Other Love]	14	5.809128630705394	785	3.759938691445541	0.13427495685240104	4.397532223329653
[Accept Other Status]	57	23.651452282157678	5964	28.565954593351854	0.7274216189157303	23.823206382742153
[Accept Other Love]	37	15.352697095435685	5856	28.048663665102023	0.6238559624222829	20.431410009566992
[???]	115	47.71784232365145	7388	35.386531276942236	1.3826360771837776	45.28161352706512