[CAT]	Count	PRC_Count	Points	PRC_points	Score	PRC_score
[_TOTAL]	231	100.0	16210	100.0	3.537527004181923	100.0
[Reject Other Status]	21	9.090909090909092	1041	6.421961752004935	0.34354683723067864	9.711497235909473
[Reject Other Love]	20	8.658008658008658	1074	6.6255397902529305	0.28233323431532487	7.981090574900539
[Accept Other Status]	51	22.07792207792208	4254	26.24305983960518	0.7013428520797704	19.825795004551793
[Accept Other Love]	33	14.285714285714286	4600	28.3775447254781	0.620524327103875	17.541189830362168
[???]	106	45.887445887445885	5241	32.331893892658854	1.5897797534522753	44.94042735427605