[CAT]	Count	PRC_Count	Points	PRC_points	Score	PRC_score
[_TOTAL]	95	100.0	17827	100.0	1.5534946892764234	100.0
[Reject Other Status]	9	9.473684210526315	2461	13.80490267571661	0.13868819008800046	8.92749689106422
[Reject Other Love]	9	9.473684210526315	2187	12.267908229090706	0.18822822045180213	12.116437973757982
[Accept Other Status]	19	20.0	2210	12.396926011106748	0.17578731177897047	11.31560429478182
[Accept Other Love]	10	10.526315789473685	3277	18.382229202894486	0.23615424928793188	15.20148417101614
[???]	48	50.526315789473685	7692	43.14803388119145	0.8146367176697187	52.438976669379855