[CAT]	Count	PRC_Count	Points	PRC_points	Score	PRC_score
[_TOTAL]	178	100.0	15806	100.0	1.9899284003237714	100.0
[Reject Other Status]	22	12.359550561797754	2192	13.8681513349361	0.28583050440044144	14.363858737527208
[Reject Other Love]	18	10.112359550561798	1016	6.4279387574338855	0.16670935975759282	8.377656187552695
[Accept Other Status]	37	20.786516853932586	3234	20.460584588131088	0.37867948187498895	19.0298043795634
[Accept Other Love]	28	15.730337078651685	3669	23.212704036441856	0.38196282409584875	19.19480238754829
[???]	73	41.01123595505618	5695	36.030621283057066	0.7767462301948993	39.0338783078084