[CAT]	Count	PRC_Count	Points	PRC_points	Score	PRC_score
[_TOTAL]	91	100.0	6514	100.0	0.8590305310266034	100.0
[Reject Other Status]	5	5.4945054945054945	718	11.022413263739638	0.035556433128530754	4.1391349718429975
[Reject Other Love]	2	2.197802197802198	31	0.47589806570463616	0.0057304378909369316	0.6670819818346438
[Accept Other Status]	19	20.87912087912088	1601	24.577832361068467	0.22946351477081722	26.7119161057747
[Accept Other Love]	7	7.6923076923076925	1189	18.252993552348787	0.2653259314299078	30.886670711554824
[???]	58	63.73626373626374	2975	45.67086275713847	0.3229542138064105	37.595196228992805