[CAT]	Count	PRC_Count	Points	PRC_points	Score	PRC_score
[_TOTAL]	154	100.0	16122	100.0	1.779753634272491	100.0
[Reject Other Status]	10	6.4935064935064934	551	3.4176901128892196	0.1008736433854755	5.667843090356131
[Reject Other Love]	11	7.142857142857143	588	3.6471901749162634	0.09982004727464214	5.6086441040164265
[Accept Other Status]	38	24.675324675324674	3919	24.308398461729315	0.3799475397587641	21.348322174606775
[Accept Other Love]	28	18.181818181818183	4052	25.13335814415085	0.5724315925157231	32.16352991180803
[???]	67	43.506493506493506	7012	43.493363106314355	0.626680811337886	35.21166071921264