[CAT]	Count	PRC_Count	Points	PRC_points	Score	PRC_score
[_TOTAL]	172	100.0	19688	100.0	2.2082825411926605	100.0
[Reject Other Status]	20	11.627906976744185	1758	8.929297033726128	0.22900201027091088	10.370140867356145
[Reject Other Love]	15	8.720930232558139	1449	7.359813084112149	0.1570832407326319	7.1133669628974925
[Accept Other Status]	32	18.6046511627907	3919	19.905526208858188	0.37237513378355575	16.862658053821384
[Accept Other Love]	28	16.27906976744186	4168	21.17025599349858	0.4510155549695535	20.42381563755726
[???]	77	44.76744186046512	8394	42.63510767980496	0.9988066014360074	45.23001847836766