[CAT]	Count	PRC_Count	Points	PRC_points	Score	PRC_score
[_TOTAL]	125	100.0	12516	100.0	1.4415008160713512	100.0
[Reject Other Status]	11	8.8	599	4.785874081176095	0.10258262100202652	7.116376200299626
[Reject Other Love]	5	4.0	392	3.131991051454139	0.06140017035816397	4.259461366487689
[Accept Other Status]	38	30.4	3667	29.298497922658996	0.4172088961231378	28.94267498649039
[Accept Other Love]	30	24.0	3798	30.345158197507192	0.3893561191865209	27.010468176332175
[???]	41	32.8	4060	32.43847874720358	0.470953009401502	32.67101927039012