[CAT]	Count	PRC_Count	Points	PRC_points	Score	PRC_score
[_TOTAL]	110	100.0	18422	100.0	0.6757866309216888	100.0
[Reject Other Status]	5	4.545454545454546	188	1.0205189447399847	0.020873908039463547	3.088831161248949
[Reject Other Love]	2	1.8181818181818181	950	5.156877646292476	0.006917926731416418	1.0236850530738124
[Accept Other Status]	22	20.0	4331	23.509933774834437	0.07277471920823639	10.768890042849877
[Accept Other Love]	7	6.363636363636363	2429	13.185321897730974	0.02160924680760619	3.1976434304617523
[???]	74	67.27272727272727	10524	57.12734773640213	0.5536108301349661	81.9209503123656