[CAT]	Count	PRC_Count	Points	PRC_points	Score	PRC_score
[_TOTAL]	117	100.0	20320	100.0	1.4218041686342637	100.00000000000001
[Reject Other Status]	6	5.128205128205129	247	1.2155511811023623	0.04234180912109358	2.9780338287913213
[Reject Other Love]	6	5.128205128205129	932	4.586614173228346	0.053426529524412694	3.7576573977647274
[Accept Other Status]	20	17.094017094017094	5366	26.40748031496063	0.24294294730316396	17.086948587056586
[Accept Other Love]	7	5.982905982905983	2783	13.695866141732283	0.20737949938718192	14.585658416403684
[???]	78	66.66666666666667	10992	54.09448818897638	0.8757133832984112	61.59170176998366