[CAT]	Count	PRC_Count	Points	PRC_points	Score	PRC_score
[_TOTAL]	43	100.0	1318	100.0	0.47614664622501185	100.0
[Reject Other Status]	6	13.953488372093023	145	11.001517450682853	0.03538907854817808	7.432390594105816
[Reject Other Love]	4	9.30232558139535	232	17.602427921092566	0.02073303929397038	4.354339037846042
[Accept Other Status]	2	4.651162790697675	97	7.359635811836116	0.009807289741002024	2.059720428308427
[Accept Other Love]	4	9.30232558139535	99	7.511380880121396	0.020828864110323288	4.3744641016499415
[???]	27	62.7906976744186	745	56.52503793626707	0.38938837453153813	81.77908583808978