[CAT]	Count	PRC_Count	Points	PRC_points	Score	PRC_score
[_TOTAL]	166	100.0	17061	100.0	1.792686452128551	99.99999999999999
[Reject Other Status]	17	10.240963855421686	1123	6.582263642224958	0.17623103441222124	9.830555376985911
[Reject Other Love]	7	4.216867469879518	260	1.5239434968641932	0.052272651134990154	2.9158836489740905
[Accept Other Status]	37	22.289156626506024	4209	24.670300685774574	0.40250834709163946	22.45280241916929
[Accept Other Love]	30	18.072289156626507	4200	24.617548795498504	0.3505840584924267	19.556351199963594
[???]	75	45.18072289156626	7269	42.60594337963777	0.811090360997273	45.24440735490709