[CAT]	Count	PRC_Count	Points	PRC_points	Score	PRC_score
[_TOTAL]	115	100.0	19517	100.0	0.8090593193395434	100.0
[Reject Other Status]	6	5.217391304347826	228	1.1682123277143004	0.03155519488744926	3.900232545767918
[Reject Other Love]	6	5.217391304347826	865	4.432033611723114	0.014818927157956447	1.831624307850941
[Accept Other Status]	19	16.52173913043478	5112	26.192550084541683	0.09816286984692889	12.132963245150163
[Accept Other Love]	7	6.086956521739131	2675	13.705999897525235	0.06510265395660407	8.046709604649148
[???]	77	66.95652173913044	10637	54.50120407849567	0.5994196734906047	74.0884702965818