[CAT]	Count	PRC_Count	Points	PRC_points
[???]	14	56.0	240	66.29834254143647
[COLOR]	0	0.0	0	0.0
[DISCAPACIDAD]	0	0.0	0	0.0
[EDAD]	0	0.0	0	0.0
[EXTERIOR]	6	24.0	86	23.756906077348066
[FISICO]	1	4.0	9	2.4861878453038675
[INTERIOR]	0	0.0	0	0.0
[ITEM]	0	0.0	0	0.0
[LUGAR]	0	0.0	0	0.0
[NSNC]	1	4.0	17	4.696132596685083
[PERSONALIDAD]	2	8.0	10	2.7624309392265194
[RELIGION]	0	0.0	0	0.0
[_TOTAL]	25	100.0	362	100.0