[CAT]	Count	PRC_Count	Points	PRC_points
[???]	13	48.148148148148145	186	48.56396866840731
[COLOR]	0	0.0	0	0.0
[DISCAPACIDAD]	0	0.0	0	0.0
[EDAD]	0	0.0	0	0.0
[EXTERIOR]	9	33.333333333333336	149	38.90339425587467
[FISICO]	0	0.0	0	0.0
[INTERIOR]	0	0.0	0	0.0
[ITEM]	1	3.7037037037037037	6	1.566579634464752
[LUGAR]	0	0.0	0	0.0
[NSNC]	1	3.7037037037037037	22	5.7441253263707575
[PERSONALIDAD]	2	7.407407407407407	20	5.221932114882507
[RELIGION]	0	0.0	0	0.0
[_TOTAL]	27	100.0	383	100.0