[CAT]	Count	PRC_Count	Points	PRC_points
[???]	5	62.5	94	78.33333333333333
[COLOR]	0	0.0	0	0.0
[DISCAPACIDAD]	0	0.0	0	0.0
[EDAD]	0	0.0	0	0.0
[EXTERIOR]	0	0.0	0	0.0
[FISICO]	0	0.0	0	0.0
[INTERIOR]	0	0.0	0	0.0
[ITEM]	1	12.5	17	14.166666666666666
[LUGAR]	0	0.0	0	0.0
[NSNC]	1	12.5	9	7.5
[PERSONALIDAD]	0	0.0	0	0.0
[RELIGION]	0	0.0	0	0.0
[_TOTAL]	8	100.0	120	100.0