[CAT]	Count	PRC_Count	Points	PRC_points
[???]	14	56.0	208	56.830601092896174
[COLOR]	0	0.0	0	0.0
[DISCAPACIDAD]	0	0.0	0	0.0
[EDAD]	0	0.0	0	0.0
[EXTERIOR]	6	24.0	71	19.398907103825138
[FISICO]	2	8.0	31	8.469945355191257
[INTERIOR]	0	0.0	0	0.0
[ITEM]	0	0.0	0	0.0
[LUGAR]	0	0.0	0	0.0
[NSNC]	2	8.0	56	15.300546448087431
[PERSONALIDAD]	0	0.0	0	0.0
[RELIGION]	0	0.0	0	0.0
[_TOTAL]	25	100.0	366	100.0