[CAT]	Count	PRC_Count	Points	PRC_points
[???]	5	31.25	84	42.63959390862944
[COLOR]	1	6.25	21	10.65989847715736
[DISCAPACIDAD]	0	0.0	0	0.0
[EDAD]	0	0.0	0	0.0
[EXTERIOR]	2	12.5	17	8.629441624365482
[FISICO]	4	25.0	48	24.365482233502537
[INTERIOR]	0	0.0	0	0.0
[ITEM]	1	6.25	6	3.045685279187817
[LUGAR]	0	0.0	0	0.0
[NSNC]	1	6.25	5	2.5380710659898478
[PERSONALIDAD]	1	6.25	16	8.121827411167512
[RELIGION]	0	0.0	0	0.0
[_TOTAL]	16	100.0	197	100.0