[CAT]	Count	PRC_Count	Points	PRC_points	Score	PRC_score
[_TOTAL]	110	100.0	19309	100.0	1.4246899111115336	100.0
[Reject Other Status]	5	4.545454545454546	207	1.0720389455694237	0.041410535814551015	2.90663501521133
[Reject Other Love]	2	1.8181818181818181	1012	5.241079289450515	0.02657394192249673	1.865243918360025
[Accept Other Status]	22	20.0	4570	23.667719716194522	0.27076753278878496	19.005366057343238
[Accept Other Love]	7	6.363636363636363	2563	13.273602983064892	0.13456594018186302	9.445279224085722
[???]	74	67.27272727272727	10957	56.74555906572065	0.9513719604038378	66.77747578499967