[CAT]	Count	PRC_Count	Points	PRC_points	Score	PRC_score
[_TOTAL]	173	100.0	14000	100.0	2.095095828202366	100.0
[Reject Other Status]	12	6.936416184971098	874	6.242857142857143	0.25552767736192505	12.19646728909641
[Reject Other Love]	14	8.092485549132949	980	7.0	0.147157802367126	7.023917492756898
[Accept Other Status]	41	23.69942196531792	2657	18.978571428571428	0.3611545502513197	17.23809218603607
[Accept Other Love]	34	19.653179190751445	3655	26.107142857142858	0.5907103707624753	28.19490940752417
[???]	72	41.61849710982659	5834	41.67142857142857	0.7405454274595193	35.346613624586425