[CAT]	Count	PRC_Count	Points	PRC_points	Score	PRC_score
[_TOTAL]	206	100.0	20974	100.0	2.3694562891667617	100.0
[Reject Other Status]	18	8.737864077669903	825	3.9334414036426053	0.15903140397581625	6.7117255845956505
[Reject Other Love]	7	3.3980582524271843	473	2.25517307142176	0.06747463462940817	2.847684295249699
[Accept Other Status]	52	25.24271844660194	5956	28.397063030418614	0.6083877087194409	25.676257945800103
[Accept Other Love]	38	18.446601941747574	6713	32.006293506245825	0.547652437597807	23.11300023139036
[???]	91	44.1747572815534	7007	33.40802898827119	0.9869101042442897	41.651331942964205