[CAT]	Count	PRC_Count	Points	PRC_points	Score	PRC_score
[_TOTAL]	193	100.0	20471	100.0	2.797030118702976	100.0
[Reject Other Status]	14	7.253886010362694	577	2.8186214645107714	0.1562143585097695	5.585008093592085
[Reject Other Love]	15	7.772020725388601	690	3.3706218553075082	0.18472348881867268	6.60427242393556
[Accept Other Status]	43	22.27979274611399	5040	24.62019442137658	0.5610442979470558	20.058571918675668
[Accept Other Love]	30	15.544041450777202	5033	24.58599970690245	0.5603467029536077	20.03363135801515
[???]	91	47.15025906735751	9131	44.60456255190269	1.3347012704738703	47.71851620578154