[CAT]	Count	PRC_Count	Points	PRC_points	Score	PRC_score
[_TOTAL]	96	100.0	17799	100.0	1.5380733362824315	100.0
[Reject Other Status]	11	11.458333333333334	2184	12.270352266981291	0.17386800117407777	11.304272499406423
[Reject Other Love]	9	9.375	2880	16.180684308107196	0.1604341589516453	10.430852363608318
[Accept Other Status]	17	17.708333333333332	2469	13.871565818304399	0.22746795608618858	14.789148912494987
[Accept Other Love]	10	10.416666666666666	1366	7.674588460025844	0.12041597534662692	7.829013903698239
[???]	49	51.041666666666664	8900	50.00280914658127	0.8558872447238925	55.64671232079201