[CAT]	Count	PRC_Count	Points	PRC_points	Score	PRC_score
[_TOTAL]	172	100.0	18710	100.0	1.8381779870167916	100.0
[Reject Other Status]	17	9.883720930232558	2108	11.266702298236238	0.199029390028604	10.827536366682967
[Reject Other Love]	15	8.720930232558139	1845	9.861036878674506	0.14584844730688357	7.93440288900333
[Accept Other Status]	32	18.6046511627907	3805	20.336718332442544	0.30450663399374606	16.56567732529181
[Accept Other Love]	30	17.441860465116278	3711	19.834313201496524	0.4428761991194255	24.093216339630764
[???]	78	45.348837209302324	7241	38.701229289150184	0.745917316568132	40.579167079391105