[CAT]	Count	PRC_Count	Points	PRC_points	Score	PRC_score
[_TOTAL]	174	100.0	19040	100.0	2.3814472725470024	100.0
[Reject Other Status]	13	7.471264367816092	1030	5.409663865546219	0.16565658837258035	6.956130848759357
[Reject Other Love]	10	5.747126436781609	661	3.471638655462185	0.10997003707283949	4.617781730486289
[Accept Other Status]	40	22.988505747126435	4413	23.17752100840336	0.503144376867279	21.12767234729311
[Accept Other Love]	24	13.793103448275861	3202	16.817226890756302	0.3793525023746556	15.929494083189631
[???]	87	50.0	9734	51.12394957983193	1.223323767859648	51.36892099027161