[CAT]	Count	PRC_Count	Points	PRC_points	Score	PRC_score
[_TOTAL]	139	100.0	16670	100.0	1.3968344807640627	100.0
[Reject Other Status]	6	4.316546762589928	885	5.308938212357528	0.0767232315338872	5.492650173692728
[Reject Other Love]	4	2.8776978417266186	786	4.71505698860228	0.03640697738434254	2.6063916581174364
[Accept Other Status]	24	17.26618705035971	3667	21.99760047990402	0.2826656126545498	20.236156577401562
[Accept Other Love]	16	11.510791366906474	2527	15.158968206358729	0.228424871670523	16.353037873576515
[???]	89	64.02877697841727	8805	52.819436112777446	0.7726137875207606	55.31176371721179