[CAT]	Count	PRC_Count	Points	PRC_points	Score	PRC_score
[_TOTAL]	137	100.0	19182	100.0	1.5768871146246553	100.0
[Reject Other Status]	14	10.218978102189782	401	2.090501511834011	0.12776672027872077	8.10246460217496
[Reject Other Love]	7	5.109489051094891	418	2.1791262642060265	0.06125715171626828	3.8846884566527295
[Accept Other Status]	38	27.73722627737226	6323	32.96319466166197	0.46293319252449183	29.357408544408283
[Accept Other Love]	26	18.978102189781023	6168	32.155145448858306	0.37145767986093353	23.556390081185437
[???]	52	37.956204379562045	5872	30.612032113439682	0.5534723702442402	35.09904831557855