[CAT]	Count	PRC_Count	Points	PRC_points	Score	PRC_score
[_TOTAL]	133	100.0	15909	100.0	1.3475205588473718	100.00000000000001
[Reject Other Status]	7	5.2631578947368425	735	4.620026400150858	0.07395888435217988	5.4885162134700245
[Reject Other Love]	5	3.7593984962406015	194	1.219435539631655	0.04822859659819215	3.5790620248083953
[Accept Other Status]	24	18.045112781954888	3401	21.377836444779685	0.2429711863335718	18.03098177154358
[Accept Other Love]	15	11.278195488721805	2658	16.70752404299453	0.25140059863833636	18.65653158222512
[???]	82	61.65413533834587	8921	56.07517757244327	0.7309612929250913	54.24490840795286