[CAT]	Count	PRC_Count	Points	PRC_points	Score	PRC_score
[_TOTAL]	162	100.0	21468	100.0	1.7236387537117555	100.0
[Reject Other Status]	15	9.25925925925926	899	4.187628097633687	0.11904917209435047	6.906851672833708
[Reject Other Love]	8	4.938271604938271	426	1.9843487982112913	0.06746556201251223	3.9141358284750263
[Accept Other Status]	44	27.160493827160494	7109	33.11440283212223	0.5211929571025684	30.237946088193354
[Accept Other Love]	32	19.753086419753085	7483	34.85653065027017	0.4441134454157474	25.766039691285368
[???]	63	38.888888888888886	5551	25.857089621762622	0.5718176170865769	33.17502671921254