[CAT]	Count	PRC_Count	Points	PRC_points	Score	PRC_score
[_TOTAL]	95	100.0	5895	100.0	0.7043610954864807	100.0
[Reject Other Status]	6	6.315789473684211	412	6.988973706530959	0.04071166863214675	5.779942829469938
[Reject Other Love]	2	2.1052631578947367	146	2.4766751484308736	0.012641246134917888	1.7947110105771762
[Accept Other Status]	18	18.94736842105263	1553	26.344359626802376	0.11340154620379002	16.09991621207685
[Accept Other Love]	10	10.526315789473685	1425	24.173027989821882	0.15658010978860637	22.230090615731875
[???]	59	62.10526315789474	2359	40.01696352841391	0.38102652472701976	54.09533933214417