[CAT]	Count	PRC_Count	Points	PRC_points	Score	PRC_score
[_TOTAL]	186	100.0	19715	100.0	2.245999240224776	100.0
[Reject Other Status]	15	8.064516129032258	763	3.8701496322597007	0.17624834462601158	7.847213011896341
[Reject Other Love]	8	4.301075268817204	653	3.3121988333756023	0.08888013006394936	3.95726447596903
[Accept Other Status]	48	25.806451612903224	4944	25.077352269845296	0.5409386702547773	24.08454377752332
[Accept Other Love]	32	17.204301075268816	6491	32.92416941415166	0.5534227526996393	24.64038022756649
[???]	83	44.623655913978496	6864	34.81612985036774	0.8865093425803986	39.470598507044826