[CAT]	Count	PRC_Count	Points	PRC_points	Score	PRC_score
[_TOTAL]	162	100.0	14244	100.0	1.6545099017950957	100.0
[Reject Other Status]	15	9.25925925925926	1611	11.310025273799495	0.22034838923471836	13.318045966098278
[Reject Other Love]	8	4.938271604938271	388	2.723953945520921	0.0889244054353589	5.374667467319385
[Accept Other Status]	36	22.22222222222222	3130	21.97416456051671	0.3112608776089151	18.81287487437857
[Accept Other Love]	20	12.345679012345679	3335	23.41336703173266	0.2348983641228814	14.197458949506643
[???]	83	51.23456790123457	5780	40.57848918843022	0.7990778653932221	48.29695274269714