[CAT]	Count	PRC_Count	Points	PRC_points	Score	PRC_score
[_TOTAL]	146	100.0	17114	100.0	1.4062894885598896	100.00000000000001
[Reject Other Status]	7	4.794520547945205	764	4.46418137197616	0.06761946251939874	4.808360090115189
[Reject Other Love]	5	3.4246575342465753	198	1.1569475283393713	0.04736737646585838	3.368252187845401
[Accept Other Status]	27	18.493150684931507	3453	20.17646371391843	0.2549876865991498	18.131948554935857
[Accept Other Love]	16	10.95890410958904	2563	14.976043005726305	0.2485530910132594	17.674390161857083
[???]	91	62.32876712328767	10136	59.22636438003973	0.7877618719622231	56.017049005246456