[CAT]	Count	PRC_Count	Points	PRC_points	Score	PRC_score
[_TOTAL]	167	100.0	18087	100.0	2.248210194802054	100.0
[Reject Other Status]	19	11.377245508982035	1440	7.961519323270857	0.29483975292165343	13.114421133901713
[Reject Other Love]	14	8.383233532934131	1032	5.7057555150107815	0.15264027459929003	6.789412971803084
[Accept Other Status]	30	17.964071856287426	3725	20.594902416099963	0.3894915378018739	17.324516128536064
[Accept Other Love]	23	13.77245508982036	3751	20.738652070547907	0.37545665878714307	16.700247141268772
[???]	81	48.50299401197605	8139	44.999170675070495	1.035781970692093	46.07140262449035