[CAT]	Count	PRC_Count	Points	PRC_points	Score	PRC_score
[_TOTAL]	23	100.0	718	100.0	0.10573124951721789	100.0
[Reject Other Status]	1	4.3478260869565215	45	6.2674094707520895	0.007531842740718275	7.123572997680072
[Reject Other Love]	2	8.695652173913043	106	14.763231197771587	0.010407455760287121	9.843311043621318
[Accept Other Status]	3	13.043478260869565	42	5.8495821727019495	0.00903957651462406	8.549578819790645
[Accept Other Love]	3	13.043478260869565	40	5.571030640668524	0.013088766019791365	12.379278670739547
[???]	14	60.869565217391305	485	67.54874651810584	0.06566360848179709	62.10425846816843