[CAT]	Count	PRC_Count	Points	PRC_points	Score	PRC_score
[_TOTAL]	146	100.0	16935	100.0	1.446776731846607	100.00000000000001
[Reject Other Status]	8	5.47945205479452	746	4.405078240330676	0.07691595023596491	5.316366274275957
[Reject Other Love]	5	3.4246575342465753	226	1.3345143194567464	0.055844314279966056	3.8599123866671983
[Accept Other Status]	26	17.80821917808219	3512	20.738116327133156	0.2576021722214573	17.805247109045247
[Accept Other Love]	16	10.95890410958904	2658	15.695305580159433	0.2446184101354119	16.907820311928223
[???]	91	62.32876712328767	9793	57.82698553291999	0.811795884973807	56.110653918083386