[CAT]	Count	PRC_Count	Points	PRC_points	Score	PRC_score
[_TOTAL]	178	100.0	18642	100.0	2.3138647911751424	100.0
[Reject Other Status]	14	7.865168539325842	941	5.047741658620319	0.17404163098207157	7.52168543494199
[Reject Other Love]	7	3.932584269662921	633	3.3955584164789188	0.09009014421608298	3.893492159078531
[Accept Other Status]	41	23.03370786516854	5402	28.977577513142368	0.5319400400387938	22.989244750495445
[Accept Other Love]	22	12.359550561797754	3548	19.032292672460038	0.3666094908588714	15.844032557869618
[???]	94	52.80898876404494	8118	43.54682973929836	1.151183485079322	49.7515450976144