[CAT]	Count	PRC_Count	Points	PRC_points	Score	PRC_score
[_TOTAL]	101	100.0	12033	100.0	1.163802449792495	100.0
[Reject Other Status]	8	7.920792079207921	325	2.700905842267099	0.06502757337875664	5.587509580371738
[Reject Other Love]	2	1.9801980198019802	57	0.4736973323360758	0.025786488006512325	2.215710064118703
[Accept Other Status]	33	32.67326732673267	3422	28.438460899193885	0.3432000987233451	29.489549432082512
[Accept Other Love]	22	21.782178217821784	4039	33.566026759744034	0.3030703175094771	26.041388516024718
[???]	36	35.64356435643565	4190	34.820909166458904	0.426717972174404	36.665842407402344