[CAT]	Count	PRC_Count	Points	PRC_points
[???]	2	13.333333333333334	10	5.649717514124294
[COLOR]	0	0.0	0	0.0
[DISCAPACIDAD]	0	0.0	0	0.0
[EDAD]	0	0.0	0	0.0
[EXTERIOR]	5	33.333333333333336	57	32.20338983050848
[FISICO]	3	20.0	41	23.163841807909606
[INTERIOR]	0	0.0	0	0.0
[ITEM]	2	13.333333333333334	37	20.903954802259886
[LUGAR]	2	13.333333333333334	32	18.07909604519774
[NSNC]	0	0.0	0	0.0
[PERSONALIDAD]	0	0.0	0	0.0
[RELIGION]	0	0.0	0	0.0
[_TOTAL]	15	100.0	177	100.0