[CAT]	Count	PRC_Count	Points	PRC_points
[???]	12	48.0	196	47.2289156626506
[COLOR]	0	0.0	0	0.0
[DISCAPACIDAD]	0	0.0	0	0.0
[EDAD]	0	0.0	0	0.0
[EXTERIOR]	7	28.0	116	27.951807228915662
[FISICO]	0	0.0	0	0.0
[INTERIOR]	1	4.0	5	1.2048192771084338
[ITEM]	1	4.0	50	12.048192771084338
[LUGAR]	0	0.0	0	0.0
[NSNC]	1	4.0	15	3.6144578313253013
[PERSONALIDAD]	2	8.0	33	7.951807228915663
[RELIGION]	0	0.0	0	0.0
[_TOTAL]	25	100.0	415	100.0