[CAT]	Count	PRC_Count	Points	PRC_points
[???]	13	50.0	188	47.3551637279597
[COLOR]	0	0.0	0	0.0
[DISCAPACIDAD]	0	0.0	0	0.0
[EDAD]	0	0.0	0	0.0
[EXTERIOR]	7	26.923076923076923	106	26.700251889168765
[FISICO]	1	3.8461538461538463	5	1.2594458438287153
[INTERIOR]	0	0.0	0	0.0
[ITEM]	1	3.8461538461538463	49	12.34256926952141
[LUGAR]	0	0.0	0	0.0
[NSNC]	1	3.8461538461538463	17	4.282115869017632
[PERSONALIDAD]	2	7.6923076923076925	32	8.060453400503778
[RELIGION]	0	0.0	0	0.0
[_TOTAL]	26	100.0	397	100.0