[CAT]	Count	PRC_Count	Points	PRC_points
[???]	12	54.54545454545455	183	63.541666666666664
[COLOR]	0	0.0	0	0.0
[DISCAPACIDAD]	0	0.0	0	0.0
[EDAD]	0	0.0	0	0.0
[EXTERIOR]	6	27.272727272727273	86	29.86111111111111
[FISICO]	1	4.545454545454546	9	3.125
[INTERIOR]	0	0.0	0	0.0
[ITEM]	0	0.0	0	0.0
[LUGAR]	0	0.0	0	0.0
[NSNC]	0	0.0	0	0.0
[PERSONALIDAD]	2	9.090909090909092	10	3.4722222222222223
[RELIGION]	0	0.0	0	0.0
[_TOTAL]	22	100.0	288	100.0