[CAT]	Count	PRC_Count	Points	PRC_points
[???]	11	44.0	161	45.609065155807365
[COLOR]	0	0.0	0	0.0
[DISCAPACIDAD]	0	0.0	0	0.0
[EDAD]	0	0.0	0	0.0
[EXTERIOR]	9	36.0	149	42.20963172804532
[FISICO]	0	0.0	0	0.0
[INTERIOR]	0	0.0	0	0.0
[ITEM]	1	4.0	6	1.6997167138810199
[LUGAR]	0	0.0	0	0.0
[NSNC]	1	4.0	17	4.81586402266289
[PERSONALIDAD]	2	8.0	20	5.665722379603399
[RELIGION]	0	0.0	0	0.0
[_TOTAL]	25	100.0	353	100.0