[CAT]	Count	PRC_Count	Points	PRC_points
[???]	12	48.0	230	48.52320675105485
[COLOR]	0	0.0	0	0.0
[DISCAPACIDAD]	0	0.0	0	0.0
[EDAD]	0	0.0	0	0.0
[EXTERIOR]	7	28.0	116	24.47257383966245
[FISICO]	0	0.0	0	0.0
[INTERIOR]	1	4.0	5	1.0548523206751055
[ITEM]	1	4.0	75	15.822784810126583
[LUGAR]	0	0.0	0	0.0
[NSNC]	1	4.0	15	3.1645569620253164
[PERSONALIDAD]	2	8.0	33	6.962025316455696
[RELIGION]	0	0.0	0	0.0
[_TOTAL]	25	100.0	474	100.0