[CAT]	Count	PRC_Count	Points	PRC_points
[???]	7	35.0	97	35.661764705882355
[COLOR]	0	0.0	0	0.0
[DISCAPACIDAD]	0	0.0	0	0.0
[EDAD]	0	0.0	0	0.0
[EXTERIOR]	5	25.0	94	34.55882352941177
[FISICO]	1	5.0	2	0.7352941176470589
[INTERIOR]	0	0.0	0	0.0
[ITEM]	0	0.0	0	0.0
[LUGAR]	0	0.0	0	0.0
[NSNC]	4	20.0	42	15.441176470588236
[PERSONALIDAD]	2	10.0	37	13.602941176470589
[RELIGION]	0	0.0	0	0.0
[_TOTAL]	20	100.0	272	100.0