[CAT]	Count	PRC_Count	Points	PRC_points
[???]	8	38.095238095238095	121	39.285714285714285
[COLOR]	0	0.0	0	0.0
[DISCAPACIDAD]	0	0.0	0	0.0
[EDAD]	0	0.0	0	0.0
[EXTERIOR]	5	23.80952380952381	94	30.51948051948052
[FISICO]	1	4.761904761904762	2	0.6493506493506493
[INTERIOR]	0	0.0	0	0.0
[ITEM]	0	0.0	0	0.0
[LUGAR]	0	0.0	0	0.0
[NSNC]	4	19.047619047619047	54	17.532467532467532
[PERSONALIDAD]	2	9.523809523809524	37	12.012987012987013
[RELIGION]	0	0.0	0	0.0
[_TOTAL]	21	100.0	308	100.0