[CAT]	Count	PRC_Count	Points	PRC_points
[???]	0	0.0	4	2.8776978417266186
[COLOR]	0	0.0	0	0.0
[DISCAPACIDAD]	0	0.0	0	0.0
[EDAD]	0	0.0	0	0.0
[EXTERIOR]	5	45.45454545454545	57	41.007194244604314
[FISICO]	3	27.272727272727273	41	29.496402877697843
[INTERIOR]	0	0.0	0	0.0
[ITEM]	2	18.181818181818183	37	26.618705035971225
[LUGAR]	0	0.0	0	0.0
[NSNC]	0	0.0	0	0.0
[PERSONALIDAD]	0	0.0	0	0.0
[RELIGION]	0	0.0	0	0.0
[_TOTAL]	11	100.0	139	100.0