[CAT]	Count	PRC_Count	Points	PRC_points
[???]	2	28.571428571428573	21	50.0
[COLOR]	0	0.0	0	0.0
[DISCAPACIDAD]	0	0.0	0	0.0
[EDAD]	0	0.0	0	0.0
[EXTERIOR]	1	14.285714285714286	1	2.380952380952381
[FISICO]	0	0.0	0	0.0
[INTERIOR]	0	0.0	0	0.0
[ITEM]	1	14.285714285714286	3	7.142857142857143
[LUGAR]	0	0.0	0	0.0
[NSNC]	1	14.285714285714286	13	30.952380952380953
[PERSONALIDAD]	1	14.285714285714286	4	9.523809523809524
[RELIGION]	0	0.0	0	0.0
[_TOTAL]	7	100.0	42	100.0