[CAT]	Count	PRC_Count	Points	PRC_points
[???]	13	56.52173913043478	174	60.416666666666664
[COLOR]	0	0.0	0	0.0
[DISCAPACIDAD]	0	0.0	0	0.0
[EDAD]	0	0.0	0	0.0
[EXTERIOR]	6	26.08695652173913	71	24.65277777777778
[FISICO]	1	4.3478260869565215	15	5.208333333333333
[INTERIOR]	0	0.0	0	0.0
[ITEM]	0	0.0	0	0.0
[LUGAR]	0	0.0	0	0.0
[NSNC]	2	8.695652173913043	28	9.722222222222221
[PERSONALIDAD]	0	0.0	0	0.0
[RELIGION]	0	0.0	0	0.0
[_TOTAL]	23	100.0	288	100.0