[CAT]	Count	PRC_Count	Points	PRC_points
[???]	5	62.5	65	82.27848101265823
[COLOR]	0	0.0	0	0.0
[DISCAPACIDAD]	0	0.0	0	0.0
[EDAD]	0	0.0	0	0.0
[EXTERIOR]	0	0.0	0	0.0
[FISICO]	0	0.0	0	0.0
[INTERIOR]	0	0.0	0	0.0
[ITEM]	1	12.5	5	6.329113924050633
[LUGAR]	0	0.0	0	0.0
[NSNC]	1	12.5	9	11.39240506329114
[PERSONALIDAD]	0	0.0	0	0.0
[RELIGION]	0	0.0	0	0.0
[_TOTAL]	8	100.0	79	100.0