[CAT]	Count	PRC_Count	Points	PRC_points
[???]	8	32.0	130	41.139240506329116
[COLOR]	2	8.0	7	2.2151898734177213
[DISCAPACIDAD]	0	0.0	0	0.0
[EDAD]	0	0.0	0	0.0
[EXTERIOR]	7	28.0	81	25.632911392405063
[FISICO]	0	0.0	0	0.0
[INTERIOR]	0	0.0	0	0.0
[ITEM]	1	4.0	22	6.962025316455696
[LUGAR]	0	0.0	0	0.0
[NSNC]	2	8.0	28	8.860759493670885
[PERSONALIDAD]	4	16.0	48	15.189873417721518
[RELIGION]	0	0.0	0	0.0
[_TOTAL]	25	100.0	316	100.0