[CAT]	Count	PRC_Count	Points	PRC_points
[???]	3	33.333333333333336	55	57.291666666666664
[COLOR]	0	0.0	0	0.0
[DISCAPACIDAD]	0	0.0	0	0.0
[EDAD]	0	0.0	0	0.0
[EXTERIOR]	1	11.11111111111111	1	1.0416666666666667
[FISICO]	0	0.0	0	0.0
[INTERIOR]	0	0.0	0	0.0
[ITEM]	1	11.11111111111111	3	3.125
[LUGAR]	0	0.0	0	0.0
[NSNC]	2	22.22222222222222	33	34.375
[PERSONALIDAD]	1	11.11111111111111	4	4.166666666666667
[RELIGION]	0	0.0	0	0.0
[_TOTAL]	9	100.0	96	100.0