[CAT]	Count	PRC_Count	Points	PRC_points	Score	PRC_score
[_TOTAL]	178	100.0	19346	100.0	2.3994522670927583	100.0
[Visible -]	4	2.247191011235955	56	0.2894655225886488	0.03900422411970794	1.625546990645766
[Visible +]	15	8.426966292134832	2321	11.997312105861678	0.20209181556173317	8.422414495729607
[Invisible -]	23	12.92134831460674	2056	10.627519900754677	0.2690198448840891	11.211718964930313
[Invisible +]	67	37.640449438202246	9714	50.211930114752406	0.9807921878810576	40.87566989067101
[???]	69	38.764044943820224	5199	26.873772356042593	0.9085441946461703	37.86464965802329