[CAT]	Count	PRC_Count	Points	PRC_points	Score	PRC_score
[_TOTAL]	110	100.0	21827	100.0	1.4494976055866293	100.00000000000001
[Visible -]	2	1.8181818181818181	329	1.5073074632336096	0.015595640137325973	1.0759341772775284
[Visible +]	7	6.363636363636363	2476	11.343748568286983	0.09811823723133481	6.769120338879426
[Invisible -]	8	7.2727272727272725	838	3.8392816236770972	0.07560288240497429	5.2157990543473085
[Invisible +]	32	29.09090909090909	9480	43.43244605305356	0.514639099427234	35.504653298061385
[???]	61	55.45454545454545	8704	39.87721629174875	0.7455417463857605	51.43449313143437