[CAT]	Count	PRC_Count	Points	PRC_points	Score	PRC_score
[_TOTAL]	129	100.0	12909	100.0	1.4121660324637737	100.0
[Visible -]	7	5.426356589147287	96	0.7436672089240065	0.051900795971353844	3.675261603680108
[Visible +]	16	12.4031007751938	2571	19.91633743899605	0.21600849724407653	15.296253576303025
[Invisible -]	24	18.6046511627907	2185	16.926175536447438	0.2873715300968296	20.349698512111857
[Invisible +]	47	36.434108527131784	6474	50.151057401812686	0.5142742582014732	36.41740747043963
[???]	35	27.131782945736433	1583	12.262762413819816	0.3426109509500406	24.261378837465394