[CAT]	Count	PRC_Count	Points	PRC_points	Score	PRC_score
[_TOTAL]	136	100.0	12764	100.0	1.4722164934498507	100.0
[Visible -]	3	2.2058823529411766	215	1.6844249451582576	0.035942093458619304	2.4413592442777254
[Visible +]	13	9.558823529411764	2145	16.80507677843936	0.17538753097179421	11.913161668282081
[Invisible -]	14	10.294117647058824	647	5.068943904732059	0.145821792186637	9.90491499283045
[Invisible +]	54	39.705882352941174	5799	45.432466311501095	0.6738047245601518	45.7680461778568
[???]	52	38.23529411764706	3958	31.009088060169226	0.44126035227264815	29.972517916752924