[CAT]	Count	PRC_Count	Points	PRC_points	Score	PRC_score
[_TOTAL]	152	100.0	18497	100.0	1.542377338332336	99.99999999999999
[Visible -]	3	1.9736842105263157	169	0.9136616748661945	0.023422962985932827	1.5186272777619014
[Visible +]	10	6.578947368421052	3547	19.176082607990484	0.18011253623547982	11.677592231108818
[Invisible -]	13	8.552631578947368	929	5.0224360707141695	0.13359975188281703	8.66193690496445
[Invisible +]	45	29.605263157894736	7335	39.65507920203276	0.5414981065541014	35.108017545147874
[???]	81	53.28947368421053	6517	35.23274044439639	0.6637439806740056	43.033826041016994