[CAT]	Count	PRC_Count	Points	PRC_points	Score	PRC_score
[_TOTAL]	212	100.0	20128	100.0	3.1332929129802625	100.0
[Visible -]	2	0.9433962264150944	58	0.28815580286168524	0.02213220191853387	0.7063559818122018
[Visible +]	10	4.716981132075472	1223	6.076112877583466	0.14282000972160575	4.558144217221016
[Invisible -]	32	15.09433962264151	3448	17.130365659777425	0.4229989015294335	13.500139095744288
[Invisible +]	81	38.20754716981132	11067	54.983108108108105	1.2268022816963946	39.15376939749656
[???]	87	41.0377358490566	4332	21.522257551669316	1.3185395181142958	42.08159130772596