[CAT]	Count	PRC_Count	Points	PRC_points	Score	PRC_score
[_TOTAL]	158	100.0	16302	100.0	1.770786916016079	100.0
[Visible -]	7	4.430379746835443	312	1.9138755980861244	0.07066286372811725	3.9904780800557726
[Visible +]	16	10.126582278481013	3892	23.874371242792296	0.2416157700954602	13.644542316759829
[Invisible -]	35	22.151898734177216	3021	18.53146853146853	0.46014658277151543	25.985429337074297
[Invisible +]	61	38.607594936708864	6688	41.02564102564103	0.632738750097053	35.73206603088023
[???]	39	24.68354430379747	2389	14.654643602012023	0.36562294932393313	20.64748423522987