[CAT]	Count	PRC_Count	Points	PRC_points	Score	PRC_score
[_TOTAL]	151	100.0	16064	100.0	1.7155253197200815	100.0
[Visible -]	4	2.6490066225165565	300	1.8675298804780875	0.05834047572257427	3.400735334649188
[Visible +]	13	8.609271523178808	2540	15.81175298804781	0.17978456895292694	10.47985517242392
[Invisible -]	27	17.880794701986755	2969	18.482320717131476	0.4196217539775748	24.460248365558577
[Invisible +]	70	46.35761589403973	7388	45.9910358565737	0.7089442103251385	41.32519655500133
[???]	37	24.503311258278146	2867	17.847360557768923	0.34883431074186666	20.333964572366977