[CAT]	Count	PRC_Count	Points	PRC_points	Score	PRC_score
[_TOTAL]	136	100.0	17093	100.0	1.3761951835328383	100.0
[Visible -]	2	1.4705882352941178	103	0.6025858538583045	0.017070381552912295	1.2404041052585886
[Visible +]	8	5.882352941176471	2048	11.98151290001755	0.12332566159354814	8.961349601366729
[Invisible -]	12	8.823529411764707	1331	7.786813315392266	0.1639228017774217	11.911304714540169
[Invisible +]	48	35.294117647058826	7757	45.38115017843562	0.5161096402014309	37.5026483435673
[???]	66	48.529411764705884	5854	34.24793775229626	0.5557666984075254	40.38429323526722