[CAT]	Count	PRC_Count	Points	PRC_points	Score	PRC_score
[_TOTAL]	155	100.0	13182	100.0	1.745107734096996	100.0
[Visible -]	2	1.2903225806451613	118	0.8951600667576999	0.027282855806073973	1.5633909169620095
[Visible +]	11	7.096774193548387	1536	11.652253072371415	0.14526532920089028	8.32414677687837
[Invisible -]	26	16.774193548387096	2741	20.793506296464876	0.3561897009078462	20.410757109626598
[Invisible +]	58	37.41935483870968	6355	48.2096798664846	0.6810604162840955	39.02684074897585
[???]	58	37.41935483870968	2432	18.44940069792141	0.5353094318980902	30.674864447557187