[CAT]	Count	PRC_Count	Points	PRC_points	Score	PRC_score
[_TOTAL]	145	100.0	18052	100.0	1.506068563548984	100.0
[Visible -]	3	2.0689655172413794	90	0.4985597163749169	0.021678826527758724	1.4394315805034485
[Visible +]	11	7.586206896551724	2152	11.92111677376468	0.13723642435155126	9.11222952746319
[Invisible -]	14	9.655172413793103	1345	7.450697983602925	0.17627500180214067	11.704314535770962
[Invisible +]	48	33.10344827586207	8069	44.698648349213386	0.5211966172961657	34.60643359210612
[???]	69	47.58620689655172	6396	35.43097717704409	0.649681693571368	43.1375907641563