[CAT]	Count	PRC_Count	Points	PRC_points	Score	PRC_score
[_TOTAL]	174	100.0	18612	100.0	2.286962463182999	100.0
[Visible -]	2	1.1494252873563218	141	0.7575757575757576	0.025505524853037462	1.115257695027439
[Visible +]	9	5.172413793103448	554	2.9765742531699977	0.10438748333820339	4.564459846573812
[Invisible -]	21	12.068965517241379	1725	9.268214055448098	0.25397894147003386	11.10551421629131
[Invisible +]	71	40.804597701149426	10186	54.72813238770686	1.008377100882167	44.09242027867417
[???]	71	40.804597701149426	6006	32.269503546099294	0.8947134126395582	39.122347963433306