[CAT]	Count	PRC_Count	Points	PRC_points	Score	PRC_score
[_TOTAL]	201	100.0	20372	100.0	2.4363940622618223	100.0
[Visible -]	3	1.492537313432836	56	0.2748870999410956	0.023212425783276557	0.9527369214538038
[Visible +]	17	8.457711442786069	2085	10.234635774592578	0.24429472110576692	10.02689691662507
[Invisible -]	35	17.412935323383085	4574	22.452385627331633	0.491507606402798	20.17356773339481
[Invisible +]	70	34.82587064676617	9728	47.751816218338895	0.8558248696152714	35.12670150003435
[???]	76	37.81094527363184	3929	19.2862752797958	0.8215544393547094	33.72009692849197