[CAT]	Count	PRC_Count	Points	PRC_points	Score	PRC_score
[_TOTAL]	159	100.0	17343	100.0	1.6170907016292109	100.0
[Visible -]	1	0.6289308176100629	205	1.1820330969267139	0.008359115595292104	0.5169231130245406
[Visible +]	10	6.289308176100629	1999	11.526264198812202	0.10468942346497877	6.473936394508031
[Invisible -]	33	20.754716981132077	3679	21.213169578504296	0.37022259334253693	22.89436164400299
[Invisible +]	64	40.25157232704402	7591	43.76982067693017	0.7100646611637241	43.91000829133069
[???]	51	32.075471698113205	3869	22.308712448826615	0.42375490806267824	26.204770557133703