[CAT]	Count	PRC_Count	Points	PRC_points	Score	PRC_score
[_TOTAL]	109	100.0	20672	100.0	0.616526152869631	100.0
[Visible -]	2	1.834862385321101	293	1.417376160990712	0.004009120993771097	0.6502759007238507
[Visible +]	7	6.422018348623853	2324	11.242260061919504	0.02964310012545102	4.808084780747213
[Invisible -]	8	7.339449541284404	766	3.7054953560371517	0.03271384530429163	5.306156949226648
[Invisible +]	32	29.357798165137616	9007	43.571013931888544	0.16142335009205602	26.18272547574964
[???]	60	55.04587155963303	8282	40.063854489164086	0.3887367363540613	63.05275689355266