[CAT]	Count	PRC_Count	Points	PRC_points	Score	PRC_score
[_TOTAL]	151	100.0	17955	100.0	1.5555879421541612	100.0
[Visible -]	2	1.3245033112582782	158	0.8799777220829852	0.018630739379053317	1.1976654533110915
[Visible +]	12	7.947019867549669	3472	19.337231968810915	0.1888581718723152	12.140629710126609
[Invisible -]	12	7.947019867549669	971	5.407964355332776	0.13661224122711252	8.782032665921374
[Invisible +]	46	30.4635761589404	7247	40.36201615148983	0.5594653262266744	35.96487932735793
[???]	79	52.317880794701985	6107	34.012809802283485	0.6520214634490061	41.91479284328303