[CAT]	Count	PRC_Count	Points	PRC_points	Score	PRC_score
[_TOTAL]	56	100.0	1563	100.0	0.5270715849702283	100.0
[Visible -]	2	3.5714285714285716	23	1.471529110684581	0.009760789107531309	1.851890594345481
[Visible +]	5	8.928571428571429	303	19.385796545105567	0.032830766850383955	6.228900928559525
[Invisible -]	13	23.214285714285715	451	28.854766474728088	0.07448480076744177	14.131818692455038
[Invisible +]	11	19.642857142857142	261	16.698656429942417	0.05154848491850619	9.780167701777723
[???]	25	44.642857142857146	525	33.589251439539346	0.3584467433263651	68.00722208286223