[CAT]	Count	PRC_Count	Points	PRC_points	Score	PRC_score
[_TOTAL]	175	100.0	13681	100.0	2.09876632793539	100.0
[Visible -]	5	2.857142857142857	218	1.5934507711424604	0.03975509271646539	1.89421243267103
[Visible +]	14	8.0	2490	18.20042394561801	0.16673960509767075	7.944648381208629
[Invisible -]	28	16.0	2158	15.773700752868942	0.39609741752770533	18.872868897099014
[Invisible +]	66	37.714285714285715	4768	34.851253563336016	0.9099917028323083	43.35840968667963
[???]	62	35.42857142857143	4047	29.581170967034573	0.5861825097612402	27.929860602341705