[CAT]	Count	PRC_Count	Points	PRC_points	Score	PRC_score
[_TOTAL]	89	100.0	15137	100.0	1.3467402575579501	100.0
[Visible -]	5	5.617977528089888	338	2.2329391557111715	0.03638725130433085	2.701875963098631
[Visible +]	12	13.48314606741573	3474	22.950386470238488	0.30419012353882113	22.587141197546913
[Invisible -]	17	19.10112359550562	3892	25.711831934993725	0.3079332003117455	22.865077254772356
[Invisible +]	26	29.213483146067414	4933	32.58902028142961	0.4355464977835142	32.340794398861476
[???]	29	32.58426966292135	2500	16.515822157627007	0.26268318461953793	19.505111185720583