[CAT]	Count	PRC_Count	Points	PRC_points	Score	PRC_score
[_TOTAL]	147	100.0	14630	100.0	1.3837224975441582	100.00000000000001
[Visible -]	5	3.401360544217687	481	3.287764866712235	0.045311690236087	3.274622644099995
[Visible +]	17	11.564625850340136	1506	10.293916609706084	0.14504578454887596	10.482288522901404
[Invisible -]	26	17.687074829931973	3047	20.827067669172934	0.3046609300567324	22.017487653590013
[Invisible +]	49	33.333333333333336	7326	50.07518796992481	0.4731202570378305	34.191845393677426
[???]	50	34.01360544217687	2270	15.516062884483937	0.41558383566463253	30.033755785731177