[CAT]	Count	PRC_Count	Points	PRC_points
[_TOTAL]	134	100.0	13669	100.0
[Visible -]	3	2.2388059701492535	242	1.7704294388762893
[Visible +]	11	8.208955223880597	1324	9.686151144926477
[Invisible -]	12	8.955223880597014	948	6.935401272953398
[Invisible +]	52	38.80597014925373	6479	47.39922452264248
[???]	56	41.791044776119406	4676	34.20879362060136