[CAT]	Count	PRC_Count	Points	PRC_points
[_TOTAL]	212	100.0	20128	100.0
[Visible -]	2	0.9433962264150944	58	0.28815580286168524
[Visible +]	10	4.716981132075472	1223	6.076112877583466
[Invisible -]	32	15.09433962264151	3448	17.130365659777425
[Invisible +]	81	38.20754716981132	11067	54.983108108108105
[???]	87	41.0377358490566	4332	21.522257551669316