[CAT]	Count	PRC_Count	Points	PRC_points
[_TOTAL]	175	100.0	13656	100.0
[Visible -]	5	2.857142857142857	218	1.5963678968951376
[Visible +]	14	8.0	2490	18.233743409490334
[Invisible -]	28	16.0	2158	15.802577621558289
[Invisible +]	66	37.714285714285715	4768	34.91505565319274
[???]	62	35.42857142857143	4022	29.452255418863505