[CAT]	Count	PRC_Count	Points	PRC_points	Score	PRC_score
[_TOTAL]	137	100.0	17169	100.0	1.4287498823562195	100.0
[Visible -]	2	1.4598540145985401	136	0.7921253421864989	0.01766290816224434	1.2362491420202673
[Visible +]	10	7.299270072992701	3240	18.87122138738424	0.16980912481473812	11.885154071522848
[Invisible -]	12	8.75912408759124	846	4.927485584483662	0.12745366906879046	8.920642489124868
[Invisible +]	44	32.11678832116788	7147	41.627351622109614	0.5385915834022361	37.69670185477245
[???]	69	50.36496350364963	5800	33.78181606383598	0.5752325969082104	40.26125244255957