[CAT]	Count	PRC_Count	Points	PRC_points
[_TOTAL]	201	100.0	20372	100.0
[Visible -]	3	1.492537313432836	56	0.2748870999410956
[Visible +]	17	8.457711442786069	2085	10.234635774592578
[Invisible -]	35	17.412935323383085	4574	22.452385627331633
[Invisible +]	70	34.82587064676617	9728	47.751816218338895
[???]	76	37.81094527363184	3929	19.2862752797958