[CAT]	Count	PRC_Count	Points	PRC_points
[_TOTAL]	158	100.0	16302	100.0
[Visible -]	7	4.430379746835443	312	1.9138755980861244
[Visible +]	16	10.126582278481013	3892	23.874371242792296
[Invisible -]	35	22.151898734177216	3021	18.53146853146853
[Invisible +]	61	38.607594936708864	6688	41.02564102564103
[???]	39	24.68354430379747	2389	14.654643602012023