[CAT]	Count	PRC_Count	Points	PRC_points
[_TOTAL]	164	100.0	15824	100.0
[Visible -]	3	1.829268292682927	33	0.20854398382204248
[Visible +]	15	9.146341463414634	2199	13.896612740141558
[Invisible -]	36	21.951219512195124	3673	23.211577350859454
[Invisible +]	58	35.36585365853659	6971	44.05333670374115
[???]	52	31.70731707317073	2948	18.629929221435795