[CAT]	Count	PRC_Count	Points	PRC_points
[_TOTAL]	178	100.0	19346	100.0
[Visible -]	4	2.247191011235955	56	0.2894655225886488
[Visible +]	15	8.426966292134832	2321	11.997312105861678
[Invisible -]	23	12.92134831460674	2056	10.627519900754677
[Invisible +]	67	37.640449438202246	9714	50.211930114752406
[???]	69	38.764044943820224	5199	26.873772356042593