[CAT]	Count	PRC_Count	Points	PRC_points	Score	PRC_score
[_TOTAL]	34	100.0	1050	100.0	0.15659051538259985	100.0
[Visible -]	1	2.9411764705882355	14	1.3333333333333333	0.0031220626551657915	1.9937750683926232
[Visible +]	5	14.705882352941176	360	34.285714285714285	0.02698074427481072	17.23012674738842
[Invisible -]	5	14.705882352941176	208	19.80952380952381	0.02791587691754103	17.827310197768853
[Invisible +]	9	26.470588235294116	123	11.714285714285714	0.036368296908525125	23.225095606631054
[???]	14	41.1764705882353	345	32.857142857142854	0.062203534626557186	39.72369237981904