[CAT]	Count	PRC_Count	Points	PRC_points
[_TOTAL]	155	100.0	13182	100.0
[Visible -]	2	1.2903225806451613	118	0.8951600667576999
[Visible +]	11	7.096774193548387	1536	11.652253072371415
[Invisible -]	26	16.774193548387096	2741	20.793506296464876
[Invisible +]	58	37.41935483870968	6355	48.2096798664846
[???]	58	37.41935483870968	2432	18.44940069792141