[CAT]	Count	PRC_Count	Points	PRC_points	Score	PRC_score
[_TOTAL]	134	100.0	13669	100.0	1.4532611776848048	100.0
[Visible -]	3	2.2388059701492535	242	1.7704294388762893	0.03855822724290192	2.653220758592696
[Visible +]	11	8.208955223880597	1324	9.686151144926477	0.13866993913218117	9.541983317348139
[Invisible -]	12	8.955223880597014	948	6.935401272953398	0.135266153418173	9.307766249812436
[Invisible +]	52	38.80597014925373	6479	47.39922452264248	0.5832378172429967	40.13303501110205
[???]	56	41.791044776119406	4676	34.20879362060136	0.5575290406485528	38.36399466314473