[CAT]	Count	PRC_Count	Points	PRC_points	Score	PRC_score
[_TOTAL]	164	100.0	15832	100.0	1.7673884513272258	100.0
[Visible -]	3	1.829268292682927	33	0.20843860535624054	0.01876796114568909	1.0619035748250607
[Visible +]	15	9.146341463414634	2199	13.889590702374937	0.19906760534434254	11.263375925923478
[Invisible -]	36	21.951219512195124	3673	23.199848408287014	0.42588272464179583	24.096724425350743
[Invisible +]	58	35.36585365853659	6979	44.08160687215766	0.653612375964563	36.981817747747016
[???]	52	31.70731707317073	2948	18.620515411824154	0.47005778423083516	26.5961783261537