[CAT]	Count	PRC_Count	Points	PRC_points	Score	PRC_score
[_TOTAL]	80	100.0	5536	100.0	0.5656707534536205	100.0
[Visible -]	0	0.0	0	0.0	0	0.0
[Visible +]	7	8.75	426	7.695086705202312	0.02258094206675499	3.991887847991139
[Invisible -]	11	13.75	858	15.498554913294798	0.05465348621175515	9.661713263073306
[Invisible +]	24	30.0	2605	47.05563583815029	0.28140241001428784	49.746678309993285
[???]	38	47.5	1647	29.7507225433526	0.20703391516082256	36.599720578942275