[CAT]	Count	PRC_Count	Points	PRC_points
[_TOTAL]	129	100.0	12909	100.0
[Visible -]	7	5.426356589147287	96	0.7436672089240065
[Visible +]	16	12.4031007751938	2571	19.91633743899605
[Invisible -]	24	18.6046511627907	2185	16.926175536447438
[Invisible +]	47	36.434108527131784	6474	50.151057401812686
[???]	35	27.131782945736433	1583	12.262762413819816