[CAT]	Count	PRC_Count	Points	PRC_points	Score	PRC_score
[_TOTAL]	87	100.0	15818	100.0	1.2867450962337843	100.00000000000001
[Visible -]	3	3.4482758620689653	415	2.62359337463649	0.03645218515091322	2.8328987036831377
[Visible +]	10	11.494252873563218	3053	19.30079656088001	0.24152726503243102	18.77040493407474
[Invisible -]	19	21.839080459770116	4486	28.36009609305854	0.30192161788853533	23.463980455199668
[Invisible +]	30	34.48275862068966	3976	25.13592110254141	0.3376769431558148	26.242722365460907
[???]	25	28.735632183908045	3888	24.57959286888355	0.3691670850060898	28.689993541581536