[CAT]	Count	PRC_Count	Points	PRC_points	Score	PRC_score
[_TOTAL]	145	100.0	18806	100.0	1.4594587258516583	100.0
[Visible -]	2	1.3793103448275863	105	0.5583324470913539	0.015203082763279478	1.0416932314689347
[Visible +]	9	6.206896551724138	2163	11.501648410081888	0.1293674562214424	8.86407090039157
[Invisible -]	13	8.96551724137931	1391	7.396575560991173	0.17581456129571318	12.046559329255281
[Invisible +]	49	33.793103448275865	8135	43.25747101988727	0.5310932563375705	36.38974141099155
[???]	72	49.6551724137931	7012	37.28597256194831	0.6079803692336523	41.65793512789264