[CAT]	Count	PRC_Count	Points	PRC_points	Score	PRC_score
[_TOTAL]	182	100.0	19638	100.0	2.280744910357817	100.0
[Visible -]	7	3.8461538461538463	223	1.1355535186882575	0.061370523956914745	2.690810518888172
[Visible +]	14	7.6923076923076925	3625	18.45910988899073	0.2310514011919517	10.130523590895702
[Invisible -]	30	16.483516483516482	4226	21.519503004379263	0.42065962426068504	18.443957601321113
[Invisible +]	64	35.16483516483517	7905	40.253589978612894	0.8307696944618255	36.425366584792215
[???]	67	36.81318681318681	3659	18.632243609328853	0.7368936664864415	32.309341704102856