[CAT]	Count	PRC_Count	Points	PRC_points
[_TOTAL]	144	100.0	21627	100.0
[Visible -]	2	1.3888888888888888	7	0.03236694872150553
[Visible +]	6	4.166666666666667	765	3.537245110278818
[Invisible -]	21	14.583333333333334	2493	11.527257594673324
[Invisible +]	70	48.611111111111114	14466	66.88861145789984
[???]	45	31.25	3896	18.014518888426505