[CAT]	Count	PRC_Count	Points	PRC_points	Score	PRC_score
[_TOTAL]	160	100.0	17184	100.0	2.273790054318561	100.0
[Visible -]	4	2.5	52	0.3026070763500931	0.03071064781397581	1.3506369137136356
[Visible +]	18	11.25	4179	24.31913407821229	0.2811522959269982	12.36491888919171
[Invisible -]	34	21.25	3182	18.517225325884542	0.5543549084262434	24.380215199436236
[Invisible +]	56	35.0	6970	40.56098696461825	0.785528907339872	34.54711686542623
[???]	48	30.0	2801	16.300046554934823	0.6220432948114716	27.35711213223217