[CAT]	Count	PRC_Count	Points	PRC_points
[_TOTAL]	160	100.0	17177	100.0
[Visible -]	4	2.5	52	0.3027303952960354
[Visible +]	18	11.25	4179	24.329044652733305
[Invisible -]	34	21.25	3182	18.524771496768935
[Invisible +]	55	34.375	6964	40.54258601618443
[???]	49	30.625	2800	16.300867439017292