[CAT]	Count	PRC_Count	Points	PRC_points
[_TOTAL]	232	100.0	18125	100.0
[Visible -]	6	2.586206896551724	263	1.4510344827586208
[Visible +]	12	5.172413793103448	1405	7.751724137931035
[Invisible -]	41	17.67241379310345	3895	21.489655172413794
[Invisible +]	76	32.758620689655174	8120	44.8
[???]	97	41.810344827586206	4442	24.50758620689655