[CAT]	Count	PRC_Count	Points	PRC_points
[_TOTAL]	159	100.0	17343	100.0
[Visible -]	1	0.6289308176100629	205	1.1820330969267139
[Visible +]	10	6.289308176100629	1999	11.526264198812202
[Invisible -]	33	20.754716981132077	3679	21.213169578504296
[Invisible +]	64	40.25157232704402	7591	43.76982067693017
[???]	51	32.075471698113205	3869	22.308712448826615