[CAT]	Count	PRC_Count	Points	PRC_points
[_TOTAL]	174	100.0	18612	100.0
[Visible -]	2	1.1494252873563218	141	0.7575757575757576
[Visible +]	9	5.172413793103448	554	2.9765742531699977
[Invisible -]	20	11.494252873563218	1691	9.085536213195788
[Invisible +]	70	40.229885057471265	10177	54.679776488287125
[???]	73	41.95402298850575	6049	32.50053728777133