[CAT]	Count	PRC_Count	Points	PRC_points
[_TOTAL]	137	100.0	17169	100.0
[Visible -]	2	1.4598540145985401	136	0.7921253421864989
[Visible +]	10	7.299270072992701	3240	18.87122138738424
[Invisible -]	12	8.75912408759124	846	4.927485584483662
[Invisible +]	42	30.656934306569344	7105	41.38272467819908
[???]	71	51.824817518248175	5842	34.02644300774652