[CAT]	Count	PRC_Count	Points	PRC_points
[_TOTAL]	146	100.0	14626	100.0
[Visible -]	5	3.4246575342465753	481	3.2886640229727884
[Visible +]	17	11.643835616438356	1506	10.29673184739505
[Invisible -]	26	17.80821917808219	3047	20.832763571721593
[Invisible +]	49	33.56164383561644	7326	50.088882811431695
[???]	49	33.56164383561644	2266	15.492957746478874