[CAT]	Count	PRC_Count	Points	PRC_points
[_TOTAL]	130	100.0	19379	100.0
[Visible -]	2	1.5384615384615385	70	0.3612157490066567
[Visible +]	12	9.23076923076923	1969	10.160482997058672
[Invisible -]	17	13.076923076923077	1694	8.741421125961091
[Invisible +]	60	46.15384615384615	12629	65.16848134578667
[???]	39	30.0	3017	15.568398782186904