[CAT]	Count	PRC_Count	Points	PRC_points	Score	PRC_score
[_TOTAL]	130	100.0	19379	100.0	1.4169219929834789	99.99999999999999
[Visible -]	2	1.5384615384615385	70	0.3612157490066567	0.01640526601113379	1.157810104746188
[Visible +]	12	9.23076923076923	1969	10.160482997058672	0.11778565752383512	8.312783491759133
[Invisible -]	17	13.076923076923077	1694	8.741421125961091	0.1824207084285917	12.874435525168584
[Invisible +]	60	46.15384615384615	12629	65.16848134578667	0.7122294576739795	50.265961090370624
[???]	39	30.0	3017	15.568398782186904	0.38808090334593875	27.389009787955473