[CAT]	Count	PRC_Count	Points	PRC_points
[_TOTAL]	200	100.0	19801	100.0
[Visible -]	3	1.5	49	0.24746224938134437
[Visible +]	10	5.0	1335	6.74208373314479
[Invisible -]	32	16.0	3657	18.46876420382809
[Invisible +]	76	38.0	10035	50.679258623301855
[???]	79	39.5	4725	23.862431190343923