[CAT]	Count	PRC_Count	Points	PRC_points
[_TOTAL]	120	100.0	14355	100.0
[Visible -]	5	4.166666666666667	474	3.3019853709508884
[Visible +]	11	9.166666666666666	936	6.52037617554859
[Invisible -]	22	18.333333333333332	2818	19.630790665273423
[Invisible +]	42	35.0	7645	53.25670498084291
[???]	40	33.333333333333336	2482	17.290142807384186