[CAT]	Count	PRC_Count	Points	PRC_points
[_TOTAL]	182	100.0	19638	100.0
[Visible -]	7	3.8461538461538463	223	1.1355535186882575
[Visible +]	14	7.6923076923076925	3625	18.45910988899073
[Invisible -]	29	15.934065934065934	4160	21.183419900193503
[Invisible +]	63	34.61538461538461	7898	40.21794480089622
[???]	69	37.91208791208791	3732	19.003971891231288