[CAT]	Count	PRC_Count	Points	PRC_points	Score	PRC_score
[_TOTAL]	144	100.0	21627	100.0	1.4813708091489752	100.0
[Visible -]	2	1.3888888888888888	7	0.03236694872150553	0.013217616360634565	0.8922557592604301
[Visible +]	6	4.166666666666667	765	3.537245110278818	0.058186386029848214	3.9278744842606557
[Invisible -]	21	14.583333333333334	2493	11.527257594673324	0.19949734889373538	13.467077092489998
[Invisible +]	70	48.611111111111114	14466	66.88861145789984	0.7935577141463948	53.56914752507385
[???]	45	31.25	3896	18.014518888426505	0.4169117437183627	28.14364513891509