[CAT]	Count	PRC_Count	Points	PRC_points	Score	PRC_score
[_TOTAL]	153	100.0	13222	100.0	1.910058103865206	100.0
[Visible -]	4	2.6143790849673203	113	0.8546362123733172	0.029110416459540524	1.524059210588018
[Visible +]	11	7.189542483660131	1596	12.07079110573287	0.11073496004457022	5.797465523194621
[Invisible -]	29	18.954248366013072	2550	19.286038420813796	0.4649642280191611	24.34293632629586
[Invisible +]	54	35.294117647058826	5193	39.27545000756315	0.7876338313316206	41.23611892945872
[???]	55	35.947712418300654	3770	28.513084253516865	0.5176146680103133	27.099420010462765