[CAT]	Count	PRC_Count	Points	PRC_points
[_TOTAL]	196	100.0	19419	100.0
[Visible -]	3	1.530612244897959	119	0.6128018950512385
[Visible +]	15	7.653061224489796	2434	12.534116071888358
[Invisible -]	33	16.836734693877553	2870	14.779339821823987
[Invisible +]	69	35.204081632653065	10052	51.76373654668109
[???]	76	38.775510204081634	3944	20.310005664555334