[CAT]	Count	PRC_Count	Points	PRC_points
[_TOTAL]	136	100.0	17059	100.0
[Visible -]	2	1.4705882352941178	103	0.6037868573773375
[Visible +]	8	5.882352941176471	2048	12.005393047658128
[Invisible -]	12	8.823529411764707	1331	7.802333079312973
[Invisible +]	47	34.55882352941177	7342	43.038865115188464
[???]	67	49.26470588235294	6235	36.5496219004631