[CAT]	Count	PRC_Count	Points	PRC_points	Score	PRC_score
[_TOTAL]	128	100.0	20752	100.0	1.5042776803746951	100.0
[Visible -]	3	2.34375	199	0.9589437162683115	0.02216646088183754	1.4735617745997651
[Visible +]	10	7.8125	3396	16.36468774094063	0.13322605343415111	8.856480101530611
[Invisible -]	10	7.8125	804	3.874325366229761	0.07183217292015365	4.775193693112646
[Invisible +]	36	28.125	10001	48.19294525828836	0.5836221132225536	38.797498682369685
[???]	69	53.90625	6352	30.609097918272937	0.6934308799159996	46.097265748387315