[CAT]	Count	PRC_Count	Points	PRC_points
[_TOTAL]	153	100.0	13221	100.0
[Visible -]	4	2.6143790849673203	113	0.8547008547008547
[Visible +]	11	7.189542483660131	1596	12.071704107102336
[Invisible -]	29	18.954248366013072	2550	19.28749716360336
[Invisible +]	54	35.294117647058826	5192	39.270856969972016
[???]	55	35.947712418300654	3770	28.515240904621436