[CAT]	Count	PRC_Count	Points	PRC_points	Score	PRC_score
[_TOTAL]	200	100.0	19801	100.0	2.538030559880309	100.0
[Visible -]	3	1.5	49	0.24746224938134437	0.02791054907720536	1.0996931840931654
[Visible +]	10	5.0	1335	6.74208373314479	0.15365138103036327	6.053961030225315
[Invisible -]	32	16.0	3657	18.46876420382809	0.44437435595774605	17.50862905207502
[Invisible +]	76	38.0	10035	50.679258623301855	0.9769429913857763	38.49216817278386
[???]	79	39.5	4725	23.862431190343923	0.9351512824292184	36.845548560822664