[CAT]	Count	PRC_Count	Points	PRC_points
[_TOTAL]	136	100.0	12764	100.0
[Visible -]	3	2.2058823529411766	215	1.6844249451582576
[Visible +]	13	9.558823529411764	2145	16.80507677843936
[Invisible -]	14	10.294117647058824	647	5.068943904732059
[Invisible +]	54	39.705882352941174	5799	45.432466311501095
[???]	52	38.23529411764706	3958	31.009088060169226