[CAT]	Count	PRC_Count	Points	PRC_points	Score	PRC_score
[_TOTAL]	205	100.0	18311	100.0	3.3250092236473097	100.0
[Visible -]	4	1.951219512195122	257	1.4035279340287259	0.06326852226629853	1.9028074212948274
[Visible +]	14	6.829268292682927	2518	13.751297034569385	0.2770878686370682	8.33344661622086
[Invisible -]	33	16.097560975609756	3388	18.5025394571569	0.5047987477923673	15.181875111872241
[Invisible +]	63	30.73170731707317	7612	41.57064059854732	1.0067678491808054	30.278648312333083
[???]	91	44.390243902439025	4536	24.77199497569767	1.4730862357707697	44.30322253827897