[CAT]	Count	PRC_Count	Points	PRC_points	Score	PRC_score
[_TOTAL]	120	100.0	14355	100.0	1.09054103890989	100.0
[Visible -]	5	4.166666666666667	474	3.3019853709508884	0.039880043927004644	3.6569044633908434
[Visible +]	11	9.166666666666666	936	6.52037617554859	0.08087991914019371	7.416494772268421
[Invisible -]	22	18.333333333333332	2818	19.630790665273423	0.2807191875262906	25.741276807601743
[Invisible +]	42	35.0	7645	53.25670498084291	0.4063591470556975	37.26216002488967
[???]	40	33.333333333333336	2482	17.290142807384186	0.2827027412607036	25.923163931849334