[CAT]	Count	PRC_Count	Points	PRC_points	Score	PRC_score
[_TOTAL]	232	100.0	18125	100.0	3.513208653375926	100.0
[Visible -]	6	2.586206896551724	263	1.4510344827586208	0.07167104663870608	2.0400452608994817
[Visible +]	12	5.172413793103448	1405	7.751724137931035	0.18136604713691246	5.162404657139663
[Invisible -]	43	18.53448275862069	3939	21.732413793103447	0.656443070234587	18.685000949311544
[Invisible +]	77	33.189655172413794	8180	45.13103448275862	1.2016825508645732	34.20470200965285
[???]	94	40.51724137931034	4338	23.933793103448277	1.4020459385011468	39.90784712299645