[CAT]	Count	PRC_Count	Points	PRC_points	Score	PRC_score
[_TOTAL]	196	100.0	19419	100.0	2.9929161837637284	99.99999999999999
[Visible -]	3	1.530612244897959	119	0.6128018950512385	0.030657230152024165	1.0243263850266364
[Visible +]	15	7.653061224489796	2434	12.534116071888358	0.22680977353547485	7.57822002386486
[Invisible -]	33	16.836734693877553	2870	14.779339821823987	0.43175293660100145	14.425827857900533
[Invisible +]	69	35.204081632653065	10052	51.76373654668109	1.086320080602607	36.29637497019746
[???]	76	38.775510204081634	3944	20.310005664555334	1.2173761628726214	40.675250763010524