[CAT]	Count	PRC_Count	Points	PRC_points
[_TOTAL]	205	100.0	18311	100.0
[Visible -]	4	1.951219512195122	257	1.4035279340287259
[Visible +]	14	6.829268292682927	2518	13.751297034569385
[Invisible -]	33	16.097560975609756	3388	18.5025394571569
[Invisible +]	62	30.24390243902439	7551	41.237507509147505
[???]	92	44.8780487804878	4597	25.10512806509748