[CAT]	Count	PRC_Count	Points	PRC_points
[_TOTAL]	151	100.0	16045	100.0
[Visible -]	4	2.6490066225165565	300	1.869741352446245
[Visible +]	13	8.609271523178808	2540	15.830476784044874
[Invisible -]	27	17.880794701986755	2969	18.504206918043003
[Invisible +]	69	45.6953642384106	7368	45.920847616079776
[???]	38	25.165562913907284	2868	17.8747273293861