[CAT]	Count	PRC_Count	Points	PRC_points	Score	PRC_score
[_TOTAL]	81	100.0	4393	100.0	0.48176324566261486	100.0
[Visible -]	1	1.2345679012345678	75	1.7072615524698385	0.004576201214351588	0.9498859150322899
[Visible +]	6	7.407407407407407	541	12.3150466651491	0.04150810360604535	8.615871795897444
[Invisible -]	7	8.641975308641975	583	13.27111313453221	0.043511466809644524	9.031711572309561
[Invisible +]	24	29.62962962962963	2141	48.73662645117232	0.18350005536445194	38.08926002897271
[???]	43	53.08641975308642	1053	23.96995219667653	0.2086674186681215	43.313270687788005