Invisible_-,prc_count

[MASC]	 	[FEM]	[model_name]
16.0	<	17.412935323383085	BSC-TeMU/roberta-base-bne
16.774193548387096	<	18.6046511627907	BSC-TeMU/roberta-large-bne
17.67241379310345	>	16.097560975609756	dccuchile/bert-base-spanish-wwm-uncased
15.09433962264151	<	16.836734693877553	dccuchile/bert-base-spanish-wwm-cased
11.494252873563218	<	12.92134831460674	mrm8488/electricidad-base-generator
14.583333333333334	>	13.076923076923077	MMG/mlm-spanish-roberta-base
20.754716981132077	<	21.951219512195124	bertin-project/bertin-roberta-base-spanish
8.823529411764707	>	8.75912408759124	bert-base-multilingual-cased
17.880794701986755	<	22.151898734177216	bertin-project/bertin-base-random
15.934065934065934	<	21.25	bertin-project/bertin-base-stepwise
20.754716981132077	<	21.951219512195124	bertin-project/bertin-base-gaussian
18.954248366013072	>	16.0	bertin-project/bertin-base-random-exp-512seqlen
8.955223880597014	<	10.294117647058824	bertin-project/bertin-base-stepwise-exp-512seqlen
18.333333333333332	>	17.80821917808219	bertin-project/bertin-base-gaussian-exp-512seqlen