[CAT]	Count	PRC_Count	Points	PRC_points
[COLOR]	0	0.0	0	0.0
[DISCAPACIDAD]	0	0.0	0	0.0
[EDAD]	0	0.0	0	0.0
[EXTERIOR]	16	48.484848484848484	263	42.6948051948052
[FISICO]	5	15.151515151515152	102	16.558441558441558
[INTERIOR]	2	6.0606060606060606	56	9.090909090909092
[ITEM]	1	3.0303030303030303	41	6.6558441558441555
[LUGAR]	0	0.0	0	0.0
[NSNC]	3	9.090909090909092	26	4.220779220779221
[PERSONALIDAD]	6	18.181818181818183	128	20.77922077922078
[RELIGION]	0	0.0	0	0.0
[_TOTAL]	33	100.0	616	100.0