[CAT]	Count	PRC_Count	Points	PRC_points
[COLOR]	1	2.5	11	1.7944535073409462
[DISCAPACIDAD]	0	0.0	0	0.0
[EDAD]	0	0.0	0	0.0
[EXTERIOR]	16	40.0	240	39.151712887438826
[FISICO]	4	10.0	70	11.419249592169658
[INTERIOR]	2	5.0	37	6.035889070146819
[ITEM]	4	10.0	60	9.787928221859707
[LUGAR]	0	0.0	0	0.0
[NSNC]	6	15.0	59	9.624796084828711
[PERSONALIDAD]	7	17.5	136	22.185970636215334
[RELIGION]	0	0.0	0	0.0
[_TOTAL]	40	100.0	613	100.0