[CAT]	Count	PRC_Count	Points	PRC_points	Score	PRC_score
[_TOTAL]	94	100.0	1274	100.0	0.7277119683470421	100.0
[???]	93	98.93617021276596	1269	99.60753532182103	0.7240978181265139	99.50335429706652
Sumin Agua	0	0.0	0	0.0	0	0.0
Salud Social	0	0.0	0	0.0	0	0.0
Otros	1	1.0638297872340425	5	0.3924646781789639	0.003614150220528245	0.496645702933482
Logistica	0	0.0	0	0.0	0	0.0
Inst Manufac	0	0.0	0	0.0	0	0.0
Inmobiliarias	0	0.0	0	0.0	0	0.0
Inf Telco	0	0.0	0	0.0	0	0.0
Hosteleria	0	0.0	0	0.0	0	0.0
Func. Defen	0	0.0	0	0.0	0	0.0
Finanzas	0	0.0	0	0.0	0	0.0
Emp Domest	0	0.0	0	0.0	0	0.0
Educación	0	0.0	0	0.0	0	0.0
Construción	0	0.0	0	0.0	0	0.0
Comercio	0	0.0	0	0.0	0	0.0
CientTechProf	0	0.0	0	0.0	0	0.0
Arte Entret	0	0.0	0	0.0	0	0.0
Agric/Caza	0	0.0	0	0.0	0	0.0
Admin. Aux	0	0.0	0	0.0	0	0.0