[CAT]	Count	PRC_Count	Points	PRC_points
[COLOR]	0	0.0	0	0.0
[DISCAPACIDAD]	0	0.0	0	0.0
[EDAD]	0	0.0	0	0.0
[EXTERIOR]	24	40.67796610169491	392	33.08016877637131
[FISICO]	10	16.949152542372882	266	22.447257383966246
[INTERIOR]	6	10.169491525423728	158	13.333333333333334
[ITEM]	3	5.084745762711864	35	2.9535864978902953
[LUGAR]	0	0.0	0	0.0
[NSNC]	4	6.779661016949152	44	3.7130801687763713
[PERSONALIDAD]	12	20.338983050847457	290	24.47257383966245
[RELIGION]	0	0.0	0	0.0
[_TOTAL]	59	100.0	1185	100.0