[CAT]	Count	PRC_Count	Points	PRC_points
[_TOTAL]	190	100.0	15194	100.0
[Visible -]	7	3.6842105263157894	251	1.6519678820587074
[Visible +]	18	9.473684210526315	3004	19.770962221929707
[Invisible -]	25	13.157894736842104	1617	10.64235882585231
[Invisible +]	83	43.68421052631579	6957	45.78781097801764
[???]	57	30.0	3365	22.146900092141635