[CAT]	Count	PRC_Count	Points	PRC_points	Score	PRC_score
[_TOTAL]	241	100.0	20878	100.0	3.0534160986939365	100.0
[Visible -]	3	1.2448132780082988	47	0.22511734840501965	0.02392960703000426	0.7836995108606349
[Visible +]	15	6.224066390041494	2029	9.718363827952869	0.2376496760521736	7.783075361193829
[Invisible -]	31	12.863070539419088	1669	7.994060733786761	0.31511068007246623	10.319939041627874
[Invisible +]	95	39.41908713692946	11869	56.84931506849315	1.3613015423369161	44.58290315948741
[???]	97	40.24896265560166	5264	25.2131430213622	1.115424593202376	36.53038292683025