[CAT]	Count	PRC_Count	Points	PRC_points	Score	PRC_score
[_TOTAL]	147	100.0	15981	100.0	1.675536620976987	100.0
[Visible -]	5	3.401360544217687	259	1.6206745510293474	0.03042103307178387	1.815599413998227
[Visible +]	14	9.523809523809524	3690	23.089919279143984	0.21794672455538397	13.007577502442269
[Invisible -]	18	12.244897959183673	1752	10.963018584569175	0.20065419552001085	11.97551835083208
[Invisible +]	71	48.29931972789116	7808	48.85801889744071	0.9312655958554796	55.58013977113009
[???]	39	26.53061224489796	2472	15.468368687816783	0.2952490719743295	17.621164961597376