[CAT]	Count	PRC_Count	Points	PRC_points
[_TOTAL]	186	100.0	19715	100.0
[Visible -]	2	1.075268817204301	19	0.09637331980725336
[Visible +]	21	11.290322580645162	3818	19.36596500126807
[Invisible -]	23	12.365591397849462	1416	7.182348465635303
[Invisible +]	80	43.01075268817204	11435	58.001521683996955
[???]	60	32.25806451612903	3027	15.353791529292417