[CAT]	Count	PRC_Count	Points	PRC_points
[_TOTAL]	190	100.0	15194	100.0
[Visible -]	7	3.6842105263157894	251	1.6519678820587074
[Visible +]	18	9.473684210526315	3004	19.770962221929707
[Invisible -]	17	8.947368421052632	1287	8.470448861392654
[Invisible +]	69	36.31578947368421	6685	43.99763064367514
[???]	79	41.578947368421055	3967	26.108990390943795