[CAT]	Count	PRC_Count	Points	PRC_points
[???]	25	32.467532467532465	737	35.162213740458014
[Invisible +]	37	48.05194805194805	1048	50.0
[Invisible -]	9	11.688311688311689	120	5.7251908396946565
[Visible +]	5	6.4935064935064934	176	8.396946564885496
[Visible -]	1	1.2987012987012987	15	0.7156488549618321
[_TOTAL]	77	100.0	2096	100.0