[CAT]	Count	PRC_Count	Points	PRC_points
[_TOTAL]	89	100.0	2776	100.0
[Visible -]	1	1.1235955056179776	23	0.8285302593659942
[Visible +]	7	7.865168539325842	284	10.230547550432277
[Invisible -]	9	10.112359550561798	169	6.087896253602305
[Invisible +]	42	47.19101123595506	1346	48.487031700288185
[???]	30	33.70786516853933	954	34.36599423631124