[CAT]	Count	PRC_Count	Points	PRC_points	Score	PRC_score
[_TOTAL]	172	100.0	19688	100.0	2.2082825411926605	100.0
[Visible -]	5	2.9069767441860463	165	0.8380739536773669	0.03724040375091136	1.6863966931875651
[Visible +]	16	9.30232558139535	4393	22.313084112149532	0.2888576913236943	13.08064914409397
[Invisible -]	35	20.348837209302324	3207	16.289110117838277	0.3860852510035427	17.483507830253632
[Invisible +]	62	36.04651162790697	8256	41.934173100365705	0.8412662058554975	38.095949687721664
[???]	54	31.3953488372093	3667	18.625558715969117	0.6548329892590136	29.65349664474311