[CAT]	Count	PRC_Count	Points	PRC_points
[???]	41	45.05494505494506	1014	45.965548504079784
[Invisible +]	25	27.47252747252747	580	26.29193109700816
[Invisible -]	10	10.989010989010989	146	6.618313689936537
[Visible +]	13	14.285714285714286	415	18.812330009066184
[Visible -]	2	2.197802197802198	51	2.3118766999093383
[_TOTAL]	91	100.0	2206	100.0