[CAT]	Count	PRC_Count	Points	PRC_points
[???]	8	18.181818181818183	168	17.758985200845665
[Invisible +]	25	56.81818181818182	536	56.65961945031712
[Invisible -]	5	11.363636363636363	61	6.4482029598308666
[Visible +]	6	13.636363636363637	181	19.133192389006343
[Visible -]	0	0.0	0	0.0
[_TOTAL]	44	100.0	946	100.0