[CAT]	Count	PRC_Count	Points	PRC_points	Score	PRC_score
[_TOTAL]	147	100.0	15981	100.0	1.675536620976987	100.0
[Visible -]	5	3.401360544217687	259	1.6206745510293474	0.03042103307178387	1.815599413998227
[Visible +]	14	9.523809523809524	3690	23.089919279143984	0.21794672455538397	13.007577502442269
[Invisible -]	19	12.92517006802721	1773	11.09442462924723	0.20760757978158917	12.390512817352537
[Invisible +]	71	48.29931972789116	7808	48.85801889744071	0.9312655958554796	55.58013977113009
[???]	38	25.85034013605442	2451	15.336962643138728	0.28829568771275116	17.206170495076922