[CAT]	Count	PRC_Count	Points	PRC_points
[_TOTAL]	135	100.0	14686	100.0
[Visible -]	4	2.962962962962963	304	2.0699986381587907
[Visible +]	12	8.88888888888889	1307	8.899632302873485
[Invisible -]	22	16.296296296296298	2134	14.530845703390984
[Invisible +]	48	35.55555555555556	7506	51.10990058559172
[???]	49	36.2962962962963	3435	23.38962276998502