[CAT]	Count	PRC_Count	Points	PRC_points	Score	PRC_score
[_TOTAL]	193	100.0	20471	100.0	2.797030118702976	100.0
[Visible -]	2	1.0362694300518134	106	0.5178056763226027	0.023942939419713285	0.8560129281273516
[Visible +]	18	9.32642487046632	4687	22.895803820038104	0.3271294707816788	11.69560057985266
[Invisible -]	29	15.025906735751295	1267	6.18924331981828	0.3409378473284422	12.189280517527646
[Invisible +]	73	37.82383419689119	10073	49.20619412827903	1.1213910009006631	40.0922032766908
[???]	71	36.78756476683938	4338	21.190953055541986	0.9836288602724784	35.16690269780154