[CAT]	Count	PRC_Count	Points	PRC_points
[???]	20	26.31578947368421	529	23.53202846975089
[Invisible +]	40	52.63157894736842	1262	56.13879003558719
[Invisible -]	5	6.578947368421052	61	2.713523131672598
[Visible +]	10	13.157894736842104	385	17.126334519572953
[Visible -]	1	1.3157894736842106	11	0.4893238434163701
[_TOTAL]	76	100.0	2248	100.0