[CAT]	Count	PRC_Count	Points	PRC_points
[???]	28	36.8421052631579	925	50.74053757542512
[Invisible +]	31	40.78947368421053	527	28.90839275918815
[Invisible -]	4	5.2631578947368425	42	2.303894679100384
[Visible +]	12	15.789473684210526	321	17.608337904552936
[Visible -]	1	1.3157894736842106	8	0.43883708173340646
[_TOTAL]	76	100.0	1823	100.0