[CAT]	Count	PRC_Count	Points	PRC_points
[_TOTAL]	172	100.0	14149	100.0
[Visible -]	5	2.9069767441860463	198	1.3993921831931586
[Visible +]	13	7.558139534883721	2073	14.651212099795039
[Invisible -]	15	8.720930232558139	1514	10.700402855325464
[Invisible +]	66	38.372093023255815	6300	44.526114919782316
[???]	73	42.44186046511628	4064	28.72287794190402