[CAT]	Count	PRC_Count	Points	PRC_points
[???]	2	6.0606060606060606	15	2.7881040892193307
[Invisible +]	18	54.54545454545455	301	55.94795539033457
[Invisible -]	2	6.0606060606060606	9	1.6728624535315986
[Visible +]	11	33.333333333333336	213	39.5910780669145
[Visible -]	0	0.0	0	0.0
[_TOTAL]	33	100.0	538	100.0