[CAT]	Count	PRC_Count	Points	PRC_points	Score	PRC_score
[_TOTAL]	178	100.0	18642	100.0	2.3138647911751424	100.0
[Visible -]	4	2.247191011235955	136	0.7295354575689303	0.039175928137930374	1.6930949590202329
[Visible +]	11	6.179775280898877	1196	6.4156206415620645	0.16574498528943205	7.163123183410175
[Invisible -]	21	11.797752808988765	1574	8.443300075099238	0.26413177519815456	11.41517759402052
[Invisible +]	65	36.51685393258427	9015	48.35854522046991	0.9175051911276578	39.65249804685798
[???]	77	43.258426966292134	6721	36.05299860529986	0.9273069114219676	40.076106216691095