[CAT]	Count	PRC_Count	Points	PRC_points
[_TOTAL]	172	100.0	18995	100.0
[Visible -]	5	2.9069767441860463	117	0.615951566201632
[Visible +]	15	8.720930232558139	3557	18.725980521189786
[Invisible -]	23	13.372093023255815	1691	8.902342721768887
[Invisible +]	63	36.627906976744185	7584	39.92629639378784
[???]	66	38.372093023255815	6046	31.829428797051857