[CAT]	Count	PRC_Count	Points	PRC_points	Score	PRC_score
[_TOTAL]	91	100.0	6514	100.0	0.8590305310266034	100.0
[Visible -]	1	1.098901098901099	5	0.07675775253300583	0.003894310211762786	0.4533378117665742
[Visible +]	8	8.791208791208792	553	8.489407430150445	0.038863411302944385	4.524101286190586
[Invisible -]	7	7.6923076923076925	749	11.498311329444274	0.04128687101946769	4.806216953677642
[Invisible +]	26	28.571428571428573	2790	42.83082591341726	0.49478944620072507	57.598586817329526
[???]	49	53.84615384615385	2417	37.10469757445502	0.28019649229170335	32.617757131035646