[CAT]	Count	PRC_Count	Points	PRC_points
[???]	24	26.96629213483146	499	28.777393310265282
[Invisible +]	36	40.449438202247194	714	41.1764705882353
[Invisible -]	13	14.606741573033707	191	11.014994232987313
[Visible +]	12	13.48314606741573	271	15.628604382929643
[Visible -]	4	4.49438202247191	59	3.402537485582468
[_TOTAL]	89	100.0	1734	100.0