[CAT]	Count	PRC_Count	Points	PRC_points
[_TOTAL]	178	100.0	15741	100.0
[Visible -]	4	2.247191011235955	234	1.486563750714694
[Visible +]	17	9.55056179775281	3209	20.38625246172416
[Invisible -]	40	22.471910112359552	3208	20.379899625182645
[Invisible +]	65	36.51685393258427	6903	43.853630646083474
[???]	52	29.213483146067414	2187	13.893653516295025