[CAT]	Count	PRC_Count	Points	PRC_points
[_TOTAL]	166	100.0	16968	100.0
[Visible -]	3	1.8072289156626506	319	1.88000942951438
[Visible +]	17	10.240963855421686	2854	16.81989627534182
[Invisible -]	24	14.457831325301205	1383	8.15063649222065
[Invisible +]	68	40.963855421686745	8444	49.76426214049977
[???]	54	32.53012048192771	3968	23.385195662423385