[CAT]	Count	PRC_Count	Points	PRC_points
[???]	26	40.0	723	35.02906976744186
[Invisible +]	19	29.23076923076923	944	45.736434108527135
[Invisible -]	11	16.923076923076923	210	10.174418604651162
[Visible +]	6	9.23076923076923	140	6.782945736434108
[Visible -]	3	4.615384615384615	47	2.2771317829457365
[_TOTAL]	65	100.0	2064	100.0