[CAT]	Count	PRC_Count	Points	PRC_points
[???]	27	32.53012048192771	497	22.934933087217352
[Invisible +]	28	33.734939759036145	877	40.47069681587448
[Invisible -]	14	16.867469879518072	226	10.429164743885556
[Visible +]	12	14.457831325301205	559	25.796031379787724
[Visible -]	2	2.4096385542168677	8	0.36917397323488693
[_TOTAL]	83	100.0	2167	100.0