[CAT]	Count	PRC_Count	Points	PRC_points
[_TOTAL]	186	100.0	19715	100.0
[Visible -]	2	1.075268817204301	19	0.09637331980725336
[Visible +]	20	10.75268817204301	3808	19.315242201369514
[Invisible -]	13	6.989247311827957	969	4.915039310169921
[Invisible +]	74	39.784946236559136	11304	57.33705300532589
[???]	77	41.39784946236559	3615	18.336292163327414