[CAT]	Count	PRC_Count	Points	PRC_points
[???]	47	42.34234234234234	926	44.51923076923077
[Invisible +]	49	44.14414414414414	907	43.60576923076923
[Invisible -]	10	9.00900900900901	148	7.115384615384615
[Visible +]	5	4.504504504504505	99	4.759615384615385
[Visible -]	0	0.0	0	0.0
[_TOTAL]	111	100.0	2080	100.0