[CAT]	Count	PRC_Count	Points	PRC_points
[???]	22	33.333333333333336	455	26.93901716992303
[Invisible +]	28	42.42424242424242	768	45.47069271758437
[Invisible -]	8	12.121212121212121	183	10.8348134991119
[Visible +]	7	10.606060606060606	273	16.163410301953817
[Visible -]	1	1.5151515151515151	10	0.5920663114268798
[_TOTAL]	66	100.0	1689	100.0