[CAT]	Count	PRC_Count	Points	PRC_points
[_TOTAL]	101	100.0	12033	100.0
[Visible -]	0	0.0	0	0.0
[Visible +]	15	14.851485148514852	3228	26.82622787334829
[Invisible -]	10	9.900990099009901	382	3.1746031746031744
[Invisible +]	55	54.45544554455446	7461	62.00448765893792
[???]	21	20.792079207920793	962	7.994681293110612