[CAT]	Count	PRC_Count	Points	PRC_points
[_TOTAL]	172	100.0	18995	100.0
[Visible -]	5	2.9069767441860463	117	0.615951566201632
[Visible +]	15	8.720930232558139	3557	18.725980521189786
[Invisible -]	16	9.30232558139535	1497	7.881021321400368
[Invisible +]	58	33.72093023255814	7469	39.32087391418794
[???]	78	45.348837209302324	6355	33.45617267702027