[CAT]	Count	PRC_Count	Points	PRC_points
[_TOTAL]	149	100.0	17362	100.0
[Visible -]	3	2.0134228187919465	357	2.0562147218062434
[Visible +]	14	9.395973154362416	2253	12.97661559728142
[Invisible -]	15	10.06711409395973	1668	9.607188111968668
[Invisible +]	60	40.26845637583892	8293	47.7652344199977
[???]	57	38.25503355704698	4791	27.594747148945974