[CAT]	Count	PRC_Count	Points	PRC_points	Score	PRC_score
[_TOTAL]	96	100.0	17799	100.0	1.5380733362824315	100.0
[Visible -]	3	3.125	532	2.9889319624698016	0.04847633239114657	3.1517568927054733
[Visible +]	11	11.458333333333334	3787	21.276476206528457	0.301702291452168	19.61559857616356
[Invisible -]	20	20.833333333333332	5064	28.451036575088487	0.33430216012572306	21.73512486301474
[Invisible +]	29	30.208333333333332	3941	22.141693353559187	0.3731759052095169	24.262556043751076
[???]	33	34.375	4475	25.141861902354066	0.4804166471038767	31.234963624365136