[CAT]	Count	PRC_Count	Points	PRC_points
[_TOTAL]	160	100.0	21672	100.0
[Visible -]	1	0.625	15	0.06921373200442968
[Visible +]	12	7.5	1576	7.272056109265412
[Invisible -]	23	14.375	1334	6.155407899593946
[Invisible +]	77	48.125	15092	69.63824289405684
[???]	47	29.375	3655	16.865079365079364