[CAT]	Count	PRC_Count	Points	PRC_points	Score	PRC_score
[_TOTAL]	194	100.0	16340	100.0	3.001100395607004	100.00000000000001
[Visible -]	3	1.5463917525773196	49	0.2998776009791922	0.026466545804093283	0.8818947157794149
[Visible +]	16	8.24742268041237	3582	21.921664626682986	0.3397383624853793	11.320459754784832
[Invisible -]	35	18.04123711340206	1876	11.481028151774785	0.44766062650621924	14.916549515021313
[Invisible +]	68	35.05154639175258	8202	50.195838433292536	1.0001509269337603	33.32614025168156
[???]	72	37.11340206185567	2631	16.1015911872705	1.1870839338775518	39.554955762732874