[CAT]	Count	PRC_Count	Points	PRC_points
[_TOTAL]	94	100.0	2387	100.0
[Visible -]	3	3.1914893617021276	44	1.8433179723502304
[Visible +]	10	10.638297872340425	414	17.34394637620444
[Invisible -]	19	20.21276595744681	403	16.883116883116884
[Invisible +]	32	34.04255319148936	747	31.29451193967323
[???]	30	31.914893617021278	779	32.63510682865522