[CAT]	Count	PRC_Count	Points	PRC_points
[_TOTAL]	149	100.0	17362	100.0
[Visible -]	4	2.684563758389262	359	2.067734132012441
[Visible +]	14	9.395973154362416	2253	12.97661559728142
[Invisible -]	19	12.751677852348994	1733	9.981568943670084
[Invisible +]	67	44.966442953020135	8525	49.1014860039166
[???]	45	30.201342281879196	4492	25.872595323119455