[CAT]	Count	PRC_Count	Points	PRC_points
[???]	28	42.42424242424242	532	36.86763686763687
[Invisible +]	29	43.93939393939394	661	45.807345807345804
[Invisible -]	2	3.0303030303030303	60	4.158004158004158
[Visible +]	7	10.606060606060606	190	13.167013167013167
[Visible -]	0	0.0	0	0.0
[_TOTAL]	66	100.0	1443	100.0