[CAT]	Count	PRC_Count	Points	PRC_points	Score	PRC_score
[_TOTAL]	146	100.0	17114	100.0	1.4062894885598896	100.00000000000001
[Visible -]	2	1.36986301369863	276	1.612714736473063	0.023486890700749226	1.6701319957102838
[Visible +]	13	8.904109589041095	4496	26.270889330372793	0.24400275142333536	17.350819543791534
[Invisible -]	12	8.219178082191782	962	5.621128900315531	0.11498683898525712	8.17661227796059
[Invisible +]	43	29.45205479452055	6016	35.152506719644734	0.5035407776124092	35.80633871679294
[???]	76	52.054794520547944	5364	31.342760313193878	0.5202722298381386	36.99609746574464