[CAT]	Count	PRC_Count	Points	PRC_points
[_TOTAL]	96	100.0	2844	100.0
[Visible -]	4	4.166666666666667	68	2.390998593530239
[Visible +]	13	13.541666666666666	657	23.10126582278481
[Invisible -]	13	13.541666666666666	375	13.185654008438819
[Invisible +]	35	36.458333333333336	945	33.22784810126582
[???]	31	32.291666666666664	799	28.09423347398031