[CAT]	Count	PRC_Count	Points	PRC_points	Score	PRC_score
[_TOTAL]	101	100.0	12033	100.0	1.163802449792495	100.0
[Visible -]	0	0.0	0	0.0	0	0.0
[Visible +]	15	14.851485148514852	3228	26.82622787334829	0.23332937403829662	20.048881498737096
[Invisible -]	10	9.900990099009901	382	3.1746031746031744	0.09081406138526897	7.803219644490442
[Invisible +]	55	54.45544554455446	7461	62.00448765893792	0.6462704162328222	55.53093794810723
[???]	21	20.792079207920793	962	7.994681293110612	0.19338859813610743	16.61696090866525