[CAT]	Count	PRC_Count	Points	PRC_points
[???]	31	36.470588235294116	1107	47.59243336199484
[Invisible +]	34	40.0	723	31.083404987102323
[Invisible -]	4	4.705882352941177	42	1.8056749785038693
[Visible +]	15	17.647058823529413	446	19.174548581255372
[Visible -]	1	1.1764705882352942	8	0.34393809114359414
[_TOTAL]	85	100.0	2326	100.0