[CAT]	Count	PRC_Count	Points	PRC_points
[_TOTAL]	171	100.0	18928	100.0
[Visible -]	4	2.3391812865497075	273	1.4423076923076923
[Visible +]	13	7.60233918128655	3319	17.534868977176668
[Invisible -]	32	18.71345029239766	3970	20.974218089602704
[Invisible +]	62	36.25730994152047	7765	41.02387996618766
[???]	60	35.08771929824562	3601	19.024725274725274