[CAT]	Count	PRC_Count	Points	PRC_points
[???]	18	34.61538461538461	283	27.42248062015504
[Invisible +]	21	40.38461538461539	540	52.325581395348834
[Invisible -]	3	5.769230769230769	39	3.7790697674418605
[Visible +]	7	13.461538461538462	157	15.213178294573643
[Visible -]	3	5.769230769230769	13	1.2596899224806202
[_TOTAL]	52	100.0	1032	100.0