[CAT]	Count	PRC_Count	Points	PRC_points
[_TOTAL]	133	100.0	15900	100.0
[Visible -]	2	1.5037593984962405	260	1.6352201257861636
[Visible +]	12	9.022556390977444	4122	25.92452830188679
[Invisible -]	12	9.022556390977444	929	5.8427672955974845
[Invisible +]	39	29.32330827067669	6059	38.106918238993714
[???]	68	51.12781954887218	4530	28.49056603773585