[CAT]	Count	PRC_Count	Points	PRC_points
[_TOTAL]	137	100.0	19169	100.0
[Visible -]	1	0.7299270072992701	60	0.3130053732589076
[Visible +]	11	8.02919708029197	2952	15.399864364338255
[Invisible -]	15	10.94890510948905	695	3.6256455735823465
[Invisible +]	60	43.7956204379562	12462	65.01121602587511
[???]	50	36.496350364963504	3000	15.65026866294538