[CAT]	Count	PRC_Count	Points	PRC_points
[_TOTAL]	91	100.0	2206	100.0
[Visible -]	2	2.197802197802198	51	2.3118766999093383
[Visible +]	13	14.285714285714286	415	18.812330009066184
[Invisible -]	10	10.989010989010989	146	6.618313689936537
[Invisible +]	25	27.47252747252747	580	26.29193109700816
[???]	41	45.05494505494506	1014	45.965548504079784