[CAT]	Count	PRC_Count	Points	PRC_points
[???]	14	22.950819672131146	439	31.002824858757062
[Invisible +]	30	49.18032786885246	520	36.72316384180791
[Invisible -]	5	8.19672131147541	55	3.884180790960452
[Visible +]	10	16.39344262295082	376	26.55367231638418
[Visible -]	2	3.278688524590164	26	1.8361581920903955
[_TOTAL]	61	100.0	1416	100.0