[CAT]	Count	PRC_Count	Points	PRC_points
[_TOTAL]	206	100.0	21075	100.0
[Visible -]	1	0.4854368932038835	7	0.033214709371293
[Visible +]	15	7.281553398058253	2727	12.93950177935943
[Invisible -]	14	6.796116504854369	1129	5.3570581257414
[Invisible +]	86	41.74757281553398	12657	60.05693950177936
[???]	90	43.689320388349515	4555	21.613285883748517