[CAT]	Count	PRC_Count	Points	PRC_points
[_TOTAL]	160	100.0	21672	100.0
[Visible -]	0	0.0	0	0.0
[Visible +]	12	7.5	1576	7.272056109265412
[Invisible -]	18	11.25	1179	5.440199335548173
[Invisible +]	72	45.0	14986	69.14913252122554
[???]	58	36.25	3931	18.13861203396087