[CAT]	Count	PRC_Count	Points	PRC_points
[???]	27	30.0	613	25.91966173361522
[Invisible +]	46	51.111111111111114	1317	55.68710359408034
[Invisible -]	6	6.666666666666667	117	4.947145877378436
[Visible +]	11	12.222222222222221	318	13.446088794926004
[Visible -]	0	0.0	0	0.0
[_TOTAL]	90	100.0	2365	100.0