[CAT]	Count	PRC_Count	Points	PRC_points
[_TOTAL]	232	100.0	16446	100.0
[Visible -]	3	1.293103448275862	88	0.5350845190319835
[Visible +]	15	6.4655172413793105	1876	11.407029064818193
[Invisible -]	40	17.24137931034483	2107	12.811625927277149
[Invisible +]	86	37.06896551724138	9102	55.34476468442175
[???]	88	37.93103448275862	3273	19.90149580445093