[CAT]	Count	PRC_Count	Points	PRC_points
[???]	25	28.089887640449437	677	28.771780705482364
[Invisible +]	35	39.325842696629216	783	33.27666808329792
[Invisible -]	13	14.606741573033707	310	13.17467063323417
[Visible +]	12	13.48314606741573	525	22.311942201444964
[Visible -]	4	4.49438202247191	58	2.4649383765405863
[_TOTAL]	89	100.0	2353	100.0