[CAT]	Count	PRC_Count	Points	PRC_points
[_TOTAL]	166	100.0	16968	100.0
[Visible -]	3	1.8072289156626506	319	1.88000942951438
[Visible +]	17	10.240963855421686	2854	16.81989627534182
[Invisible -]	20	12.048192771084338	1308	7.708628005657709
[Invisible +]	63	37.95180722891566	8087	47.66030174446016
[???]	63	37.95180722891566	4400	25.931164545025933