[CAT]	Count	PRC_Count	Points	PRC_points	Score	PRC_score
[_TOTAL]	162	100.0	21468	100.0	1.7236387537117555	100.0
[Visible -]	1	0.6172839506172839	15	0.06987143655673561	0.008067783899605274	0.46806698226248233
[Visible +]	12	7.407407407407407	1571	7.317868455375443	0.12647238515115772	7.337522719236082
[Invisible -]	23	14.197530864197532	1325	6.1719768958449786	0.18651473410686273	10.820987501308736
[Invisible +]	78	48.148148148148145	14875	69.28917458542948	0.9862598835525545	57.21963963903117
[???]	48	29.62962962962963	3682	17.151108626793366	0.41632396700157537	24.153783158161534