[CAT]	Count	PRC_Count	Points	PRC_points
[???]	25	27.47252747252747	639	25.797335486475575
[Invisible +]	47	51.64835164835165	1192	48.122729107791685
[Invisible -]	5	5.4945054945054945	85	3.431570448122729
[Visible +]	14	15.384615384615385	561	22.648364957610013
[Visible -]	0	0.0	0	0.0
[_TOTAL]	91	100.0	2477	100.0