[CAT]	Count	PRC_Count	Points	PRC_points
[_TOTAL]	240	100.0	21080	100.0
[Visible -]	3	1.25	47	0.22296015180265655
[Visible +]	15	6.25	2014	9.554079696394687
[Invisible -]	26	10.833333333333334	1633	7.746679316888046
[Invisible +]	84	35.0	11688	55.44592030360531
[???]	112	46.666666666666664	5698	27.0303605313093