[CAT]	Count	PRC_Count	Points	PRC_points	Score	PRC_score
[_TOTAL]	166	100.0	17061	100.0	1.792686452128551	99.99999999999999
[Visible -]	3	1.8072289156626506	319	1.8697614442295294	0.02544636584883719	1.4194543512404736
[Visible +]	17	10.240963855421686	2854	16.728210538655414	0.27155131253902764	15.147730503379467
[Invisible -]	24	14.457831325301205	1383	8.10620713908915	0.2285036855472114	12.746439025960003
[Invisible +]	68	40.963855421686745	8463	49.604360822929486	0.7636919126029899	42.600417473798515
[???]	54	32.53012048192771	4042	23.691460055096417	0.5034931755904848	28.085958645621538