[CAT]	Count	PRC_Count	Points	PRC_points	Score	PRC_score
[_TOTAL]	231	100.0	16210	100.0	3.537527004181923	100.0
[Visible -]	3	1.2987012987012987	88	0.5428747686613201	0.03925257480392853	1.109604951637845
[Visible +]	14	6.0606060606060606	1832	11.301665638494756	0.21452781884001176	6.064344345256037
[Invisible -]	41	17.748917748917748	2115	13.047501542257866	0.6258800715460037	17.692587810810018
[Invisible +]	87	37.66233766233766	8961	55.28069093152375	1.3624880862382387	38.51527026161382
[???]	86	37.22943722943723	3214	19.827267119062306	1.2953784527537415	36.6181926306823