[CAT]	Count	PRC_Count	Points	PRC_points
[???]	17	24.63768115942029	234	12.420382165605096
[Invisible +]	24	34.78260869565217	867	46.01910828025478
[Invisible -]	8	11.594202898550725	141	7.484076433121019
[Visible +]	16	23.18840579710145	550	29.1932059447983
[Visible -]	4	5.797101449275362	92	4.883227176220807
[_TOTAL]	69	100.0	1884	100.0