[CAT]	Count	PRC_Count	Points	PRC_points
[_TOTAL]	137	100.0	19169	100.0
[Visible -]	1	0.7299270072992701	60	0.3130053732589076
[Visible +]	11	8.02919708029197	2952	15.399864364338255
[Invisible -]	21	15.328467153284672	819	4.272523344984089
[Invisible +]	64	46.715328467153284	12491	65.16250195628358
[???]	40	29.197080291970803	2847	14.852104961135167