[CAT]	Count	PRC_Count	Points	PRC_points
[_TOTAL]	172	100.0	14149	100.0
[Visible -]	6	3.488372093023256	209	1.4771361933705562
[Visible +]	14	8.13953488372093	2102	14.856173581171815
[Invisible -]	25	14.534883720930232	1829	12.92670860131458
[Invisible +]	76	44.18604651162791	6633	46.87963813697081
[???]	51	29.651162790697676	3376	23.860343487172237