[CAT]	Count	PRC_Count	Points	PRC_points
[_TOTAL]	143	100.0	16083	100.0
[Visible -]	5	3.4965034965034967	253	1.5730895977118697
[Visible +]	14	9.79020979020979	3690	22.94348069390039
[Invisible -]	16	11.188811188811188	1785	11.098675620220108
[Invisible +]	71	49.65034965034965	7948	49.418640800845616
[???]	37	25.874125874125873	2407	14.966113287322017