[CAT]	Count	PRC_Count	Points	PRC_points
[???]	25	35.2112676056338	445	27.401477832512317
[Invisible +]	18	25.35211267605634	524	32.26600985221675
[Invisible -]	14	19.718309859154928	202	12.438423645320198
[Visible +]	12	16.901408450704224	445	27.401477832512317
[Visible -]	2	2.816901408450704	8	0.49261083743842365
[_TOTAL]	71	100.0	1624	100.0