[CAT]	Count	PRC_Count	Points	PRC_points
[_TOTAL]	127	100.0	15230	100.0
[Visible -]	4	3.1496062992125986	161	1.0571240971766251
[Visible +]	11	8.661417322834646	2891	18.9822718319107
[Invisible -]	10	7.874015748031496	1670	10.965200262639527
[Invisible +]	40	31.496062992125985	6209	40.768220617202886
[???]	62	48.818897637795274	4299	28.227183191070257