[CAT]	Count	PRC_Count	Points	PRC_points
[???]	19	26.027397260273972	410	21.465968586387433
[Invisible +]	32	43.83561643835616	859	44.973821989528794
[Invisible -]	7	9.58904109589041	172	9.00523560209424
[Visible +]	12	16.438356164383563	450	23.56020942408377
[Visible -]	3	4.109589041095891	19	0.9947643979057592
[_TOTAL]	73	100.0	1910	100.0