[CAT]	Count	PRC_Count	Points	PRC_points	Score	PRC_score
[_TOTAL]	178	100.0	18642	100.0	2.3138647911751424	100.0
[Visible -]	4	2.247191011235955	136	0.7295354575689303	0.039175928137930374	1.6930949590202329
[Visible +]	11	6.179775280898877	1196	6.4156206415620645	0.16574498528943205	7.163123183410175
[Invisible -]	20	11.235955056179776	1534	8.228730822873082	0.2549507153012086	11.018392962007377
[Invisible +]	65	36.51685393258427	9015	48.35854522046991	0.9175051911276578	39.65249804685798
[???]	78	43.82022471910113	6761	36.26756785752602	0.9364879713189136	40.47289084870423