[CAT]	Count	PRC_Count	Points	PRC_points
[_TOTAL]	232	100.0	16446	100.0
[Visible -]	3	1.293103448275862	88	0.5350845190319835
[Visible +]	15	6.4655172413793105	1876	11.407029064818193
[Invisible -]	29	12.5	1901	11.55904171227046
[Invisible +]	77	33.189655172413794	8830	53.69086708014107
[???]	108	46.55172413793103	3751	22.807977623738296