[CAT]	Count	PRC_Count	Points	PRC_points
[???]	19	27.941176470588236	483	27.089175546831182
[Invisible +]	35	51.470588235294116	903	50.64498037016265
[Invisible -]	4	5.882352941176471	52	2.916432978126753
[Visible +]	9	13.235294117647058	334	18.73247335950645
[Visible -]	1	1.4705882352941178	11	0.6169377453729669
[_TOTAL]	68	100.0	1783	100.0