[CAT]	Count	PRC_Count	Points	PRC_points	Score	PRC_score
[_TOTAL]	186	100.0	19715	100.0	2.245999240224776	100.0
[Visible -]	2	1.075268817204301	19	0.09637331980725336	0.01799259870313108	0.8010954937513874
[Visible +]	21	11.290322580645162	3818	19.36596500126807	0.2987123843918869	13.299754471955755
[Invisible -]	23	12.365591397849462	1416	7.182348465635303	0.2651284746899609	11.80447748786537
[Invisible +]	80	43.01075268817204	11435	58.001521683996955	1.0943614229544165	48.72492400508981
[???]	60	32.25806451612903	3027	15.353791529292417	0.5698043594853804	25.369748541337678