[CAT]	Count	PRC_Count	Points	PRC_points
[_TOTAL]	192	100.0	20462	100.0
[Visible -]	2	1.0416666666666667	106	0.5180334278174177
[Visible +]	18	9.375	4687	22.905874303587137
[Invisible -]	29	15.104166666666666	1267	6.191965594761021
[Invisible +]	72	37.5	10064	49.18385299579709
[???]	71	36.979166666666664	4338	21.200273678037338