[CAT]	Count	PRC_Count	Points	PRC_points
[_TOTAL]	167	100.0	18055	100.0
[Visible -]	2	1.1976047904191616	6	0.033231791747438386
[Visible +]	19	11.377245508982035	4933	27.322071448352258
[Invisible -]	23	13.77245508982036	2301	12.74439213514262
[Invisible +]	49	29.34131736526946	7365	40.792024369980616
[???]	74	44.31137724550898	3450	19.10828025477707