[CAT]	Count	PRC_Count	Points	PRC_points
[_TOTAL]	162	100.0	14212	100.0
[Visible -]	4	2.4691358024691357	476	3.349282296650718
[Visible +]	14	8.641975308641975	1760	12.38390092879257
[Invisible -]	23	14.197530864197532	1999	14.065578384463834
[Invisible +]	56	34.5679012345679	6450	45.384182381086404
[???]	65	40.123456790123456	3527	24.817056009006475