[CAT]	Count	PRC_Count	Points	PRC_points	Score	PRC_score
[_TOTAL]	178	100.0	15806	100.0	1.9899284003237714	100.0
[Visible -]	4	2.247191011235955	234	1.4804504618499303	0.031791772663545534	1.5976339982068124
[Visible +]	17	9.55056179775281	3236	20.473238010881943	0.2806763469520181	14.104846531480764
[Invisible -]	40	22.471910112359552	3208	20.296090092369987	0.4525398641580343	22.74151492507991
[Invisible +]	65	36.51685393258427	6903	43.67328862457295	0.7606423059708377	38.22460676711169
[???]	52	29.213483146067414	2225	14.076932810325193	0.46427811057933577	23.331397778120827