[CAT]	Count	PRC_Count	Points	PRC_points	Score	PRC_score
[_TOTAL]	206	100.0	20974	100.0	2.3694562891667617	100.0
[Visible -]	2	0.970873786407767	8	0.038142462095928295	0.01212465235342582	0.5117060993638144
[Visible +]	15	7.281553398058253	2651	12.639458377038238	0.22637115532877672	9.5537172964006
[Invisible -]	25	12.135922330097088	1298	6.188614475064365	0.22650603860522445	9.55940987984535
[Invisible +]	92	44.66019417475728	12872	61.37122151234862	1.1848776343656475	50.00630903312925
[???]	72	34.95145631067961	4145	19.762563173452847	0.7195768085136874	30.368857691260995