[CAT]	Count	PRC_Count	Points	PRC_points
[_TOTAL]	100	100.0	2977	100.0
[Visible -]	0	0.0	0	0.0
[Visible +]	12	12.0	373	12.529392005374538
[Invisible -]	7	7.0	155	5.206583809203897
[Invisible +]	51	51.0	1616	54.28283506886127
[???]	30	30.0	833	27.981189116560294