[CAT]	Count	PRC_Count	Points	PRC_points
[_TOTAL]	178	100.0	18900	100.0
[Visible -]	4	2.247191011235955	136	0.7195767195767195
[Visible +]	11	6.179775280898877	1225	6.481481481481482
[Invisible -]	18	10.112359550561798	1486	7.862433862433862
[Invisible +]	59	33.146067415730336	8569	45.33862433862434
[???]	86	48.31460674157304	7484	39.597883597883595