[CAT]	Count	PRC_Count	Points	PRC_points
[???]	40	49.382716049382715	1270	61.59068865179437
[Invisible +]	24	29.62962962962963	378	18.331716779825413
[Invisible -]	8	9.876543209876543	158	7.662463627546072
[Visible +]	8	9.876543209876543	194	9.408341416100873
[Visible -]	1	1.2345679012345678	62	3.0067895247332688
[_TOTAL]	81	100.0	2062	100.0