[CAT]	Count	PRC_Count	Points	PRC_points
[_TOTAL]	111	100.0	2254	100.0
[Visible -]	4	3.6036036036036037	59	2.6175687666370897
[Visible +]	13	11.711711711711711	325	14.418811002661934
[Invisible -]	19	17.117117117117118	324	14.374445430346052
[Invisible +]	42	37.83783783783784	878	38.952972493345165
[???]	33	29.72972972972973	668	29.63620230700976