[CAT]	Count	PRC_Count	Points	PRC_points
[_TOTAL]	194	100.0	16340	100.0
[Visible -]	3	1.5463917525773196	49	0.2998776009791922
[Visible +]	16	8.24742268041237	3582	21.921664626682986
[Invisible -]	35	18.04123711340206	1876	11.481028151774785
[Invisible +]	68	35.05154639175258	8202	50.195838433292536
[???]	72	37.11340206185567	2631	16.1015911872705