[CAT]	Count	PRC_Count	Points	PRC_points
[_TOTAL]	162	100.0	14212	100.0
[Visible -]	4	2.4691358024691357	476	3.349282296650718
[Visible +]	14	8.641975308641975	1760	12.38390092879257
[Invisible -]	15	9.25925925925926	1771	12.461300309597524
[Invisible +]	49	30.246913580246915	6254	44.00506614128905
[???]	80	49.382716049382715	3951	27.800450323670137