[CAT]	Count	PRC_Count	Points	PRC_points
[_TOTAL]	170	100.0	19952	100.0
[Visible -]	4	2.3529411764705883	162	0.8119486768243785
[Visible +]	16	9.411764705882353	4458	22.34362469927827
[Invisible -]	25	14.705882352941176	3090	15.487169206094627
[Invisible +]	58	34.11764705882353	8263	41.41439454691259
[???]	67	39.411764705882355	3979	19.942862870890135