[CAT]	Count	PRC_Count	Points	PRC_points
[_TOTAL]	153	100.0	16109	100.0
[Visible -]	5	3.2679738562091503	240	1.4898503941895835
[Visible +]	19	12.418300653594772	4763	29.56732261468744
[Invisible -]	18	11.764705882352942	1117	6.934012042957353
[Invisible +]	62	40.52287581699346	7842	48.68086163014464
[???]	49	32.02614379084967	2147	13.327953318020983