[CAT]	Count	PRC_Count	Points	PRC_points
[???]	56	42.10526315789474	1122	42.64538198403649
[Invisible +]	56	42.10526315789474	1199	45.57202584568605
[Invisible -]	12	9.022556390977444	156	5.929304446978335
[Visible +]	9	6.7669172932330826	154	5.853287723299125
[Visible -]	0	0.0	0	0.0
[_TOTAL]	133	100.0	2631	100.0