[CAT]	Count	PRC_Count	Points	PRC_points
[???]	27	27.835051546391753	693	25.41254125412541
[Invisible +]	52	53.608247422680414	1708	62.63292995966263
[Invisible -]	11	11.34020618556701	151	5.537220388705538
[Visible +]	6	6.185567010309279	164	6.013934726806014
[Visible -]	1	1.0309278350515463	11	0.40337367070040336
[_TOTAL]	97	100.0	2727	100.0