[CAT]	Count	PRC_Count	Points	PRC_points	Score	PRC_score
[_TOTAL]	231	100.0	16210	100.0	3.537527004181923	100.0
[Visible -]	3	1.2987012987012987	88	0.5428747686613201	0.03925257480392853	1.109604951637845
[Visible +]	14	6.0606060606060606	1832	11.301665638494756	0.21452781884001176	6.064344345256037
[Invisible -]	40	17.316017316017316	2059	12.70203578038248	0.6147558580404672	17.378124811873587
[Invisible +]	86	37.22943722943723	8922	55.04009870450339	1.347250194191668	38.08452041776649
[???]	88	38.095238095238095	3309	20.41332510795805	1.3217405583058488	37.36340547346607