[CAT]	Count	PRC_Count	Points	PRC_points
[???]	22	25.58139534883721	568	26.604215456674474
[Invisible +]	48	55.81395348837209	1321	61.87353629976581
[Invisible -]	9	10.465116279069768	105	4.918032786885246
[Visible +]	6	6.976744186046512	130	6.0889929742388755
[Visible -]	1	1.1627906976744187	11	0.5152224824355972
[_TOTAL]	86	100.0	2135	100.0