[CAT]	Count	PRC_Count	Points	PRC_points
[_TOTAL]	62	100.0	1290	100.0
[Visible -]	1	1.6129032258064515	9	0.6976744186046512
[Visible +]	9	14.516129032258064	311	24.108527131782946
[Invisible -]	3	4.838709677419355	77	5.9689922480620154
[Invisible +]	25	40.32258064516129	410	31.782945736434108
[???]	24	38.70967741935484	483	37.44186046511628