[CAT]	Count	PRC_Count	Points	PRC_points
[_TOTAL]	135	100.0	14686	100.0
[Visible -]	4	2.962962962962963	304	2.0699986381587907
[Visible +]	12	8.88888888888889	1307	8.899632302873485
[Invisible -]	16	11.851851851851851	2014	13.713740977801988
[Invisible +]	45	33.333333333333336	7392	50.333651096282175
[???]	58	42.96296296296296	3669	24.982976984883564