[CAT]	Count	PRC_Count	Points	PRC_points
[_TOTAL]	126	100.0	12815	100.0
[Visible -]	0	0.0	0	0.0
[Visible +]	11	8.73015873015873	2331	18.189621537261022
[Invisible -]	14	11.11111111111111	958	7.475614514241124
[Invisible +]	65	51.58730158730159	7591	59.23527116660164
[???]	36	28.571428571428573	1935	15.099492781896215