[CAT]	Count	PRC_Count	Points	PRC_points
[???]	29	34.523809523809526	645	32.77439024390244
[Invisible +]	27	32.142857142857146	583	29.6239837398374
[Invisible -]	16	19.047619047619047	298	15.142276422764228
[Visible +]	9	10.714285714285714	398	20.223577235772357
[Visible -]	3	3.5714285714285716	44	2.2357723577235773
[_TOTAL]	84	100.0	1968	100.0