[CAT]	Count	PRC_Count	Points	PRC_points
[???]	20	40.0	590	39.38584779706275
[Invisible +]	18	36.0	683	45.59412550066756
[Invisible -]	5	10.0	117	7.810413885180241
[Visible +]	6	12.0	105	7.009345794392523
[Visible -]	1	2.0	3	0.20026702269692923
[_TOTAL]	50	100.0	1498	100.0