[CAT]	Count	PRC_Count	Points	PRC_points
[???]	23	43.39622641509434	317	35.6981981981982
[Invisible +]	18	33.9622641509434	310	34.909909909909906
[Invisible -]	3	5.660377358490566	61	6.86936936936937
[Visible +]	8	15.09433962264151	195	21.95945945945946
[Visible -]	1	1.8867924528301887	5	0.5630630630630631
[_TOTAL]	53	100.0	888	100.0