[CAT]	Count	PRC_Count	Points	PRC_points
[_TOTAL]	240	100.0	21080	100.0
[Visible -]	3	1.25	47	0.22296015180265655
[Visible +]	15	6.25	2014	9.554079696394687
[Invisible -]	30	12.5	1708	8.10246679316888
[Invisible +]	96	40.0	12074	57.27703984819734
[???]	96	40.0	5237	24.843453510436433