[CAT]	Count	PRC_Count	Points	PRC_points	Score	PRC_score
[_TOTAL]	117	100.0	20320	100.0	1.4218041686342637	100.00000000000001
[Visible -]	4	3.4188034188034186	412	2.02755905511811	0.033390175589151125	2.3484370299198503
[Visible +]	10	8.547008547008547	5210	25.63976377952756	0.20067108771214798	14.113834530736096
[Invisible -]	12	10.256410256410257	1179	5.802165354330708	0.09576833864550627	6.735691226556049
[Invisible +]	27	23.076923076923077	8149	40.10334645669291	0.4503224466903458	31.672607003460268
[???]	64	54.7008547008547	5370	26.427165354330707	0.6416521199971124	45.12943020932772