[CAT]	Count	PRC_Count	Points	PRC_points
[_TOTAL]	126	100.0	12815	100.0
[Visible -]	0	0.0	0	0.0
[Visible +]	11	8.73015873015873	2331	18.189621537261022
[Invisible -]	16	12.698412698412698	1006	7.850175575497464
[Invisible +]	69	54.76190476190476	7694	60.0390167772142
[???]	30	23.80952380952381	1784	13.921186110027312