[CAT]	Count	PRC_Count	Points	PRC_points	Score	PRC_score
[_TOTAL]	174	100.0	19040	100.0	2.3814472725470024	100.0
[Visible -]	5	2.8735632183908044	117	0.6144957983193278	0.047565140877850354	1.9973207648212403
[Visible +]	15	8.620689655172415	3557	18.68172268907563	0.28320689898249723	11.89221790661786
[Invisible -]	23	13.218390804597702	1691	8.881302521008404	0.2756266254454198	11.573912579245645
[Invisible +]	64	36.7816091954023	7615	39.99474789915966	0.8824968792419347	37.057166430482745
[???]	67	38.50574712643678	6060	31.827731092436974	0.8925517279993003	37.479382318832506