[CAT]	Count	PRC_Count	Points	PRC_points
[???]	25	38.46153846153846	355	25.74329224075417
[Invisible +]	23	35.38461538461539	686	49.746192893401016
[Invisible -]	6	9.23076923076923	112	8.121827411167512
[Visible +]	7	10.76923076923077	178	12.907904278462654
[Visible -]	4	6.153846153846154	48	3.4807831762146484
[_TOTAL]	65	100.0	1379	100.0