[CAT]	Count	PRC_Count	Points	PRC_points
[???]	14	22.22222222222222	280	21.978021978021978
[Invisible +]	26	41.26984126984127	455	35.714285714285715
[Invisible -]	11	17.46031746031746	164	12.872841444270016
[Visible +]	11	17.46031746031746	355	27.864992150706435
[Visible -]	1	1.5873015873015872	20	1.5698587127158556
[_TOTAL]	63	100.0	1274	100.0