[CAT]	Count	PRC_Count	Points	PRC_points
[_TOTAL]	206	100.0	21075	100.0
[Visible -]	2	0.970873786407767	8	0.03795966785290629
[Visible +]	15	7.281553398058253	2727	12.93950177935943
[Invisible -]	24	11.650485436893204	1292	6.130486358244365
[Invisible +]	94	45.63106796116505	12938	61.39027283511269
[???]	71	34.46601941747573	4110	19.501779359430603