[CAT]	Count	PRC_Count	Points	PRC_points	Score	PRC_score
[_TOTAL]	154	100.0	16122	100.0	1.779753634272491	100.0
[Visible -]	5	3.2467532467532467	240	1.48864905098623	0.03495708230905057	1.9641528825049968
[Visible +]	19	12.337662337662337	4763	29.543480957697557	0.28196891683921504	15.843143197427736
[Invisible -]	21	13.636363636363637	1139	7.064880287805483	0.20069369066011764	11.276487194372557
[Invisible +]	66	42.857142857142854	7971	49.441756605880165	0.952379132274487	53.51185208641479
[???]	43	27.92207792207792	2009	12.461233097630567	0.3097548121896205	17.40436463927991