[CAT]	Count	PRC_Count	Points	PRC_points
[???]	20	28.169014084507044	329	22.08053691275168
[Invisible +]	30	42.25352112676056	666	44.69798657718121
[Invisible -]	6	8.450704225352112	122	8.187919463087248
[Visible +]	12	16.901408450704224	354	23.758389261744966
[Visible -]	3	4.225352112676056	19	1.2751677852348993
[_TOTAL]	71	100.0	1490	100.0