[CAT]	Count	PRC_Count	Points	PRC_points
[_TOTAL]	167	100.0	18055	100.0
[Visible -]	2	1.1976047904191616	6	0.033231791747438386
[Visible +]	19	11.377245508982035	4933	27.322071448352258
[Invisible -]	33	19.760479041916167	2472	13.691498199944613
[Invisible +]	54	32.33532934131737	7543	41.77790085848795
[???]	59	35.32934131736527	3101	17.175297701467738