[CAT]	Count	PRC_Count	Points	PRC_points
[_TOTAL]	77	100.0	2031	100.0
[Visible -]	2	2.5974025974025974	18	0.8862629246676514
[Visible +]	9	11.688311688311689	342	16.838995568685377
[Invisible -]	9	11.688311688311689	199	9.798129000492368
[Invisible +]	31	40.25974025974026	919	45.24864598719842
[???]	26	33.76623376623377	553	27.22796651895618