[CAT]	Count	PRC_Count	Points	PRC_points
[_TOTAL]	143	100.0	16083	100.0
[Visible -]	5	3.4965034965034967	253	1.5730895977118697
[Visible +]	14	9.79020979020979	3690	22.94348069390039
[Invisible -]	15	10.48951048951049	1773	11.024062674874092
[Invisible +]	64	44.75524475524475	7805	48.529503202138905
[???]	45	31.46853146853147	2562	15.929863831374744