[CAT]	Count	PRC_Count	Points	PRC_points
[_TOTAL]	171	100.0	18928	100.0
[Visible -]	4	2.3391812865497075	273	1.4423076923076923
[Visible +]	13	7.60233918128655	3319	17.534868977176668
[Invisible -]	23	13.450292397660819	3849	20.33495350803043
[Invisible +]	59	34.50292397660819	7682	40.58537616229924
[???]	72	42.10526315789474	3805	20.102493660185967