[CAT]	Count	PRC_Count	Points	PRC_points
[???]	23	27.710843373493976	470	23.164120256283883
[Invisible +]	43	51.80722891566265	992	48.89107934943322
[Invisible -]	5	6.024096385542169	85	4.189255791030064
[Visible +]	12	14.457831325301205	482	23.755544603252833
[Visible -]	0	0.0	0	0.0
[_TOTAL]	83	100.0	2029	100.0