[CAT]	Count	PRC_Count	Points	PRC_points	Score	PRC_score
[_TOTAL]	172	100.0	18710	100.0	1.8381779870167916	100.0
[Visible -]	4	2.3255813953488373	273	1.459112773917691	0.02977078643420504	1.6195812725687422
[Visible +]	13	7.558139534883721	3275	17.504008551576696	0.21118799120004292	11.488984891108574
[Invisible -]	32	18.6046511627907	3953	21.127739176910744	0.34487783733548755	18.761939255686293
[Invisible +]	63	36.627906976744185	7529	40.240513094601816	0.7544185194372116	41.041646933307554
[???]	60	34.883720930232556	3680	19.668626402993052	0.4979228526098439	27.087847647328804