[CAT]	Count	PRC_Count	Points	PRC_points
[_TOTAL]	65	100.0	1727	100.0
[Visible -]	2	3.076923076923077	26	1.5055008685581934
[Visible +]	11	16.923076923076923	447	25.88303416328894
[Invisible -]	5	7.6923076923076925	84	4.863925883034163
[Invisible +]	33	50.76923076923077	648	37.52171395483497
[???]	14	21.53846153846154	522	30.225825130283727