[CAT]	Count	PRC_Count	Points	PRC_points
[???]	46	47.916666666666664	1561	59.854294478527606
[Invisible +]	29	30.208333333333332	540	20.70552147239264
[Invisible -]	11	11.458333333333334	238	9.125766871165645
[Visible +]	8	8.333333333333334	198	7.5920245398773005
[Visible -]	2	2.0833333333333335	71	2.7223926380368098
[_TOTAL]	96	100.0	2608	100.0