[CAT]	Count	PRC_Count	Points	PRC_points
[_TOTAL]	170	100.0	19952	100.0
[Visible -]	5	2.9411764705882355	165	0.8269847634322374
[Visible +]	16	9.411764705882353	4458	22.34362469927827
[Invisible -]	33	19.41176470588235	3263	16.354250200481154
[Invisible +]	62	36.470588235294116	8406	42.13111467522053
[???]	54	31.764705882352942	3660	18.34402566158781