[CAT]	Count	PRC_Count	Points	PRC_points
[_TOTAL]	194	100.0	16340	100.0
[Visible -]	3	1.5463917525773196	49	0.2998776009791922
[Visible +]	16	8.24742268041237	3582	21.921664626682986
[Invisible -]	22	11.34020618556701	1589	9.724602203182375
[Invisible +]	57	29.38144329896907	8031	49.149326805385556
[???]	96	49.48453608247423	3089	18.90452876376989