[CAT]	Count	PRC_Count	Points	PRC_points
[???]	5	14.705882352941176	68	10.932475884244372
[Invisible +]	19	55.88235294117647	353	56.752411575562704
[Invisible -]	4	11.764705882352942	44	7.07395498392283
[Visible +]	6	17.647058823529413	157	25.241157556270096
[Visible -]	0	0.0	0	0.0
[_TOTAL]	34	100.0	622	100.0