[CAT]	Count	PRC_Count	Points	PRC_points
[_TOTAL]	178	100.0	15741	100.0
[Visible -]	4	2.247191011235955	234	1.486563750714694
[Visible +]	17	9.55056179775281	3209	20.38625246172416
[Invisible -]	25	14.044943820224718	2888	18.34699193189759
[Invisible +]	60	33.70786516853933	6754	42.90705800139762
[???]	72	40.449438202247194	2656	16.87313385426593