[CAT]	Count	PRC_Count	Points	PRC_points
[???]	37	46.25	901	51.33903133903134
[Invisible +]	20	25.0	388	22.108262108262107
[Invisible -]	8	10.0	75	4.273504273504273
[Visible +]	13	16.25	340	19.373219373219374
[Visible -]	2	2.5	51	2.905982905982906
[_TOTAL]	80	100.0	1755	100.0