[CAT]	Count	PRC_Count	Points	PRC_points
[???]	20	28.571428571428573	554	26.621816434406536
[Invisible +]	24	34.285714285714285	675	32.43632868813071
[Invisible -]	11	15.714285714285714	217	10.427679000480538
[Visible +]	14	20.0	613	29.45699183085055
[Visible -]	1	1.4285714285714286	22	1.0571840461316675
[_TOTAL]	70	100.0	2081	100.0