[CAT]	Count	PRC_Count	Points	PRC_points
[_TOTAL]	178	100.0	18900	100.0
[Visible -]	4	2.247191011235955	136	0.7195767195767195
[Visible +]	11	6.179775280898877	1225	6.481481481481482
[Invisible -]	21	11.797752808988765	1614	8.53968253968254
[Invisible +]	64	35.95505617977528	9187	48.60846560846561
[???]	78	43.82022471910113	6738	35.65079365079365