[CAT]	Count	PRC_Count	Points	PRC_points	Score	PRC_score
[_TOTAL]	127	100.0	14983	100.0	1.3270139735578206	100.0
[Visible -]	4	3.1496062992125986	161	1.074551157979043	0.030162805650616065	2.272983273096017
[Visible +]	11	8.661417322834646	2839	18.94814122672362	0.1982391756602863	14.938740632006512
[Invisible -]	10	7.874015748031496	1644	10.972435426817059	0.1108753071888781	8.355247902297018
[Invisible +]	40	31.496062992125985	6042	40.32570246279116	0.5035943002394649	37.94943461592135
[???]	62	48.818897637795274	4297	28.679169725689114	0.48414238481857524	36.48359357667911