[CAT]	Count	PRC_Count	Points	PRC_points
[_TOTAL]	127	100.0	15230	100.0
[Visible -]	4	3.1496062992125986	161	1.0571240971766251
[Visible +]	11	8.661417322834646	2891	18.9822718319107
[Invisible -]	6	4.724409448818897	1625	10.66973079448457
[Invisible +]	40	31.496062992125985	6257	41.08338804990151
[???]	66	51.968503937007874	4296	28.207485226526593