[CAT]	Count	PRC_Count	Points	PRC_points
[_TOTAL]	192	100.0	20462	100.0
[Visible -]	2	1.0416666666666667	106	0.5180334278174177
[Visible +]	18	9.375	4687	22.905874303587137
[Invisible -]	19	9.895833333333334	994	4.85778516274069
[Invisible +]	64	33.333333333333336	9899	48.377480207213374
[???]	89	46.354166666666664	4776	23.340826898641385