[CAT]	Count	PRC_Count	Points	PRC_points
[???]	22	38.59649122807018	414	41.27617148554337
[Invisible +]	22	38.59649122807018	294	29.312063808574276
[Invisible -]	3	5.2631578947368425	69	6.879361914257228
[Visible +]	9	15.789473684210526	217	21.635094715852443
[Visible -]	1	1.7543859649122806	9	0.8973080757726819
[_TOTAL]	57	100.0	1003	100.0