[CAT]	Count	PRC_Count	Points	PRC_points	Score	PRC_score
[_TOTAL]	137	100.0	19182	100.0	1.5768871146246553	100.0
[Visible -]	1	0.7299270072992701	60	0.3127932436659368	0.008938854932785035	0.5668671428590334
[Visible +]	11	8.02919708029197	2965	15.457199457825045	0.14083065757109497	8.930928299494461
[Invisible -]	21	15.328467153284672	819	4.269627776040037	0.18902387199498907	11.98715305882769
[Invisible +]	64	46.715328467153284	12491	65.11834011052028	0.8343908723854255	52.913798625593735
[???]	40	29.197080291970803	2847	14.842039411948702	0.40370285774036024	25.601252873225057