[CAT]	Count	PRC_Count	Points	PRC_points
[_TOTAL]	101	100.0	12033	100.0
[Visible -]	0	0.0	0	0.0
[Visible +]	15	14.851485148514852	3228	26.82622787334829
[Invisible -]	8	7.920792079207921	376	3.124740297515167
[Invisible +]	52	51.48514851485149	7401	61.505858888057844
[???]	26	25.742574257425744	1028	8.5431729410787