[CAT]	Count	PRC_Count	Points	PRC_points
[???]	19	23.75	378	21.963974433468913
[Invisible +]	33	41.25	631	36.66472980825102
[Invisible -]	15	18.75	279	16.21150493898896
[Visible +]	12	15.0	413	23.99767576990122
[Visible -]	1	1.25	20	1.1621150493898895
[_TOTAL]	80	100.0	1721	100.0