[CAT]	Count	PRC_Count	Points	PRC_points
[???]	24	31.57894736842105	602	24.66202376075379
[Invisible +]	25	32.89473684210526	826	33.83859074149939
[Invisible -]	11	14.473684210526315	278	11.388775092175338
[Visible +]	15	19.736842105263158	713	29.209340434248258
[Visible -]	1	1.3157894736842106	22	0.9012699713232282
[_TOTAL]	76	100.0	2441	100.0