[CAT]	Count	PRC_Count	Points	PRC_points	Score	PRC_score
[_TOTAL]	95	100.0	17827	100.0	1.5534946892764234	100.0
[Visible -]	4	4.2105263157894735	390	2.1876928254894263	0.039926058178852225	2.5700801202898687
[Visible +]	14	14.736842105263158	4182	23.458798451786617	0.46434247857304867	29.890187702497204
[Invisible -]	18	18.94736842105263	4648	26.072810904807316	0.3269164105398027	21.04393486482221
[Invisible +]	30	31.57894736842105	5497	30.835249901834295	0.41788159325847696	26.89945425259967
[???]	29	30.526315789473685	3110	17.445447916082347	0.3044281487262429	19.596343059791046