[CAT]	Count	PRC_Count	Points	PRC_points
[???]	15	24.59016393442623	191	12.818791946308725
[Invisible +]	22	36.0655737704918	645	43.288590604026844
[Invisible -]	6	9.836065573770492	98	6.577181208053691
[Visible +]	14	22.950819672131146	464	31.140939597315437
[Visible -]	4	6.557377049180328	92	6.174496644295302
[_TOTAL]	61	100.0	1490	100.0