[CAT]	Count	PRC_Count	Points	PRC_points
[???]	4	10.256410256410257	42	4.98220640569395
[Invisible +]	22	56.41025641025641	484	57.41399762752076
[Invisible -]	2	5.128205128205129	9	1.0676156583629892
[Visible +]	11	28.205128205128204	308	36.5361803084223
[Visible -]	0	0.0	0	0.0
[_TOTAL]	39	100.0	843	100.0