[CAT]	Count	PRC_Count	Points	PRC_points
[_TOTAL]	153	100.0	16109	100.0
[Visible -]	5	3.2679738562091503	240	1.4898503941895835
[Visible +]	19	12.418300653594772	4763	29.56732261468744
[Invisible -]	21	13.72549019607843	1139	7.070581662424732
[Invisible +]	66	43.13725490196079	7966	49.45061766714259
[???]	42	27.45098039215686	2001	12.421627661555652