[CAT]	Count	PRC_Count	Points	PRC_points
[_TOTAL]	133	100.0	15900	100.0
[Visible -]	2	1.5037593984962405	260	1.6352201257861636
[Visible +]	12	9.022556390977444	4122	25.92452830188679
[Invisible -]	10	7.518796992481203	911	5.729559748427673
[Invisible +]	35	26.31578947368421	6010	37.79874213836478
[???]	74	55.6390977443609	4597	28.91194968553459