[CAT]	Count	PRC_Count	Points	PRC_points	Score	PRC_score
[_TOTAL]	162	100.0	21468	100.0	1.7236387537117555	100.0
[Visible -]	1	0.6172839506172839	15	0.06987143655673561	0.008067783899605274	0.46806698226248233
[Visible +]	12	7.407407407407407	1571	7.317868455375443	0.12647238515115772	7.337522719236082
[Invisible -]	23	14.197530864197532	1325	6.1719768958449786	0.18651473410686273	10.820987501308736
[Invisible +]	79	48.76543209876543	14889	69.35438792621576	0.9952076341060432	57.73875946818448
[???]	47	29.012345679012345	3668	17.08589528600708	0.40737621644808664	23.634663329008223