[CAT]	Count	PRC_Count	Points	PRC_points	Score	PRC_score
[_TOTAL]	172	100.0	19688	100.0	2.2082825411926605	100.0
[Visible -]	5	2.9069767441860463	165	0.8380739536773669	0.03724040375091136	1.6863966931875651
[Visible +]	16	9.30232558139535	4393	22.313084112149532	0.2888576913236943	13.08064914409397
[Invisible -]	34	19.767441860465116	3202	16.263713937423812	0.3801595756151171	17.215169187987993
[Invisible +]	62	36.04651162790697	8256	41.934173100365705	0.8412662058554975	38.095949687721664
[???]	55	31.976744186046513	3672	18.650954896383585	0.6607586646474392	29.921835287008754