[CAT]	Count	PRC_Count	Points	PRC_points
[???]	26	40.625	390	33.16326530612245
[Invisible +]	23	35.9375	421	35.79931972789116
[Invisible -]	4	6.25	112	9.523809523809524
[Visible +]	9	14.0625	247	21.003401360544217
[Visible -]	2	3.125	6	0.5102040816326531
[_TOTAL]	64	100.0	1176	100.0