[CAT]	Count	PRC_Count	Points	PRC_points	Score	PRC_score
[_TOTAL]	110	100.0	18422	100.0	0.6757866309216888	100.0
[Visible -]	3	2.727272727272727	420	2.2798827488872	0.015321223572093047	2.267168788349187
[Visible +]	10	9.090909090909092	3328	18.065356638801433	0.05990004835974602	8.863751607226947
[Invisible -]	7	6.363636363636363	1138	6.177396591032461	0.027791834770879965	4.112516214322761
[Invisible +]	29	26.363636363636363	6760	36.69525567256541	0.09438396601584259	13.96653347331163
[???]	61	55.45454545454545	6776	36.78210834871349	0.4783895582031271	70.79002991678946