[CAT]	Count	PRC_Count	Points	PRC_points
[???]	25	41.666666666666664	459	40.440528634361236
[Invisible +]	27	45.0	500	44.052863436123346
[Invisible -]	2	3.3333333333333335	39	3.436123348017621
[Visible +]	6	10.0	137	12.070484581497798
[Visible -]	0	0.0	0	0.0
[_TOTAL]	60	100.0	1135	100.0